,구분,대여소번호,대여소명,대여소 주소,거치대수,lat,lon
0,강남구,2301, 현대고등학교 건너편,서울특별시 강남구 압구정로 134,10,325192.968147641,4154850.3394667264
1,강남구,2302, 교보타워 버스정류장(신논현역 3번출구 후면),서울특별시 강남구 봉은사로 지하 102,10,325369.6580377335,4152794.0657462603
2,강남구,2303, 논현역 7번출구,서울특별시 강남구 학동로 지하 102,15,325136.00008623826,4153457.9268618315
3,강남구,2304, 신영 ROYAL PALACE 앞,서울특별시 강남구 언주로 626,10,326407.44611614436,4153543.39697179
4,강남구,2305, MCM 본사 직영점 앞,서울특별시 강남구 언주로 734,10,326308.9703301086,4154446.176461099
5,강남구,2306, 압구정역 2번 출구 옆,서울특별시 강남구 압구정로 지하 172,30,325812.2418318086,4155176.022592176
6,강남구,2307, 압구정 한양 3차 아파트,서울특별시 강남구 압구정로 321,10,326685.4492077894,4155323.3854139447
7,강남구,2308, 압구정파출소 앞,서울특별시 강남구 압구정로 311,14,326425.4672126225,4155405.076103337
8,강남구,2309, 청담역(우리들병원 앞),서울특별시 강남구 학동로 443,10,327619.78500337,4154225.8402417735
9,강남구,2310, 청담동 맥도날드 옆(위치),서울특별시 강남구 학동로 지하 508,10,326816.7768972992,4154765.494477406
10,강남구,2311, 학동로 래미안 아파트 앞,서울특별시 강남구 학동로 지하 508,10,327054.80867331673,4154112.2503059595
11,강남구,2312, 청담역 13번 출구 앞,서울특별시 강남구 영동대로 703,10,328237.2631892398,4154399.325256641
12,강남구,2313, 금원빌딩 앞,서울특별시 강남구 도산대로 539,10,327906.4557256731,4154909.6986811394
13,강남구,2314, 청담나들목입구,서울특별시 강남구 영동대로128길 59,10,328654.85334695736,4154467.8543010233
14,강남구,2315, 봉은사역 5번출구 옆,서울특별시 강남구 봉은사로 지하 601,10,328646.2020469281,4153687.98857461
15,강남구,2316, 삼성역 8번출구,서울특별시 강남구 영동대로 502,10,328837.84268883313,4153165.307008187
16,강남구,2317, 삼성도로공원,서울특별시 강남구 영동대로112길 66,10,329099.0351556705,4153860.7161126807
17,강남구,2318, 삼성중앙역4번출구(문화센터더 리빌),서울특별시 강남구 봉은사로 531,15,328106.5652684832,4153624.6450044536
18,강남구,2319, 포스코4거리 서측(수협 삼성동 지점),서울특별시 강남구 테헤란로 435,10,328059.5464343582,4152851.89878109
19,강남구,2320, 도곡역 대치지구대 방향,서울특별시 강남구 남부순환로 지하 2814,10,328228.2462888802,4151218.945380009
20,강남구,2321, 학여울역 사거리,서울특별시 강남구 남부순환로 지하 3104,10,329340.6439847525,4151661.0531439646
21,강남구,2322, 삼성역 3번 출구,서울특별시 강남구 테헤란로 534,15,328807.49249082693,4153001.198427902
22,강남구,2323, 주식회사 오뚜기 정문 앞,서울특별시 강남구 영동대로 308,10,329156.85972791025,4152341.518288742
23,강남구,2324, 천주교 대치 2동 교회 옆,서울특별시 강남구 도곡로 540,10,329065.82751780533,4152146.4642657344
24,강남구,2325, 대치동 버거킹대치점,서울특별시 강남구 도곡로 447,10,328451.4002472727,4151960.525481528
25,강남구,2326, 대치동 삼성로,서울특별시 강남구 삼성로 350,10,328414.09437364433,4152377.125504613
26,강남구,2327, 뱅뱅사거리 랜드마크타워 앞,서울특별시 강남구 강남대로 308,15,325970.07489172276,4151113.022104673
27,강남구,2328, 르네상스 호텔 사거리 역삼지하보도 7번출구 앞,서울특별시 강남구 언주로 506,10,326988.3762084289,4152538.765342193
28,강남구,2329, 르네상스호텔사거리 역삼지하보도 2번출구,서울특별시 강남구 테헤란로 지하 156,10,327034.07088715344,4152401.38637024
29,강남구,2330, 스타벅스 앞,서울특별시 강남구 도곡로 183,10,326680.7611040884,4151281.126014256
30,강남구,2331, 동영문화센터앞,서울특별시 강남구 언주로 337,20,327148.87385929236,4151921.001108603
31,강남구,2333, 양재역 3번출구 주변,서울특별시 강남구 강남대로 240,15,326188.24607226247,4150509.684201272
32,강남구,2334, 8.삼호@ 2동 ( 간선도로),서울특별시 강남구 선릉로 지하 228,15,327253.6455486345,4151442.3809736045
33,강남구,2335, 3호선 매봉역 3번출구앞,서울특별시 강남구 남부순환로 2748,10,327313.8406920923,4150664.969216037
34,강남구,2336, 강남세브란스교차로  래미안그레이튼 104동 앞,서울특별시 강남구 선릉로 지하 228,10,327393.0184274223,4151492.438156374
35,강남구,2337, 대모산입구역 2번출구 앞,서울특별시 강남구 영동대로 101,15,329555.3956398217,4151208.1872494277
36,강남구,2339, 현대아파트 정문 앞,서울특별시 강남구 언주로 107,10,327795.45468059904,4150265.797984934
37,강남구,2340, 삼호물산버스정류장(23370) 옆,서울특별시 강남구 논현로 82,15,327152.1838546202,4149640.622316225
38,강남구,2341, 일원역 4~5번 출구 사이,서울특별시 강남구 일원로 127,10,330681.60438092507,4150212.1222989527
39,강남구,2342, 대청역 1번출구  뒤,서울특별시 강남구 개포로 623,10,330226.21939380607,4151408.70940974
40,강남구,2343, 세곡사거리 대왕파출소 앞,서울특별시 강남구 헌릉로 623,10,332656.53235519596,4148174.7868830357
41,강남구,2344, 리엔파크 2단지 앞,서울특별시 강남구 헌릉로590길 10,10,332078.334104274,4148158.010051199
42,강남구,2347, 두산건설 본사,서울특별시 강남구 언주로 726,15,326383.16382768727,4154222.387165182
43,강남구,2348, 포스코사거리(기업은행),서울특별시 강남구 테헤란로 501,10,328253.1532463194,4152917.38750241
44,강남구,2350, 래미안그레이튼102동앞,서울특별시 강남구 선릉로69길 19,10,327433.5354567346,4151556.758677899
45,강남구,2351, 청소년수련관(수영장)앞,서울특별시 강남구 광평로 144,15,331044.44422379526,4150267.7978296382
46,강남구,2352, 서울본부세관(건설회관 앞),서울특별시 강남구 언주로 721,10,326347.76541964134,4154106.6788934334
47,강남구,2353, 강남구청역 2번출구 뒤,서울특별시 강남구 학동로 342,10,326827.3857545941,4154010.196168492
48,강남구,2354, 청담역 2번출구,서울특별시 강남구 영동대로 647,5,328273.88981978083,4154310.539726775
49,강남구,2355, 삼성역 5~6번 출구 사이,서울특별시 강남구 봉은사로 524,20,328739.6621770287,4153116.932040349
50,강남구,2356, 강남구청,서울특별시 강남구 학동로 지하 346,10,327417.59622883995,4154137.6781606534
51,강남구,2357, 르네상스호텔사거리 역삼지하보도 3번출구 앞 (더 오번 빌딩 명동칼국수 앞),서울특별시 강남구 언주로89길 7,15,326996.0007140448,4152356.887215224
52,강남구,2358, 구룡초사거리 (현대아파트10동 앞 ),서울특별시 강남구 개포로 303,10,327934.2170401149,4150054.5683427094
53,강남구,2359,국립국악중고교 정문 맞은편,서울특별시 강남구 논현로10길 29,10,327607.9096435814,4149419.8139733174
54,강남구,2360, 도곡1동 주민센터 교차로,서울특별시 강남구 도곡로 205,15,326852.80663577135,4151345.257810953
55,강남구,2361, 압구정역 교차로,서울특별시 강남구 신사동 580-7,10,325771.1207040765,4155146.0243200897
56,강남구,2362, 신사동 가로수길 입구,서울특별시 강남구 신사동 501-5,10,325236.5429555265,4154134.966792584
57,강남구,2364, 도산대로 렉서스 앞,서울특별시 강남구 도산대로 229 ,10,326079.69140252646,4154517.4660404045
58,강남구,2365, K+ 타워 앞,서울특별시 강남구 도산대로 333 ,15,326665.7253268651,4154733.898513291
59,강남구,2368, 도곡동 경남아파트 건너편,서울특별시 강남구 도곡동 874-1,10,326836.7537049371,4150960.728930058
60,강남구,2369, KT선릉타워,서울특별시 강남구 대치동 1011,20,327897.0193417671,4152724.3841406223
61,강남구,2370, 한티역 3번출구,서울특별시 강남구 대치동 1026,20,328002.7048966697,4151736.9005583213
62,강남구,2371, 한국우편사업진흥원,서울특별시 강남구 언주로 651,10,326350.54561453825,4153791.134955023
63,강남구,2372, 대치역 사거리,서울특별시 강남구 삼성로 156 ,10,328837.7991640891,4151491.7778393645
64,강남구,2373, 개포동역 사거리,서울특별시 강남구 개포동 181-3,20,328983.0803058424,4150909.1166888615
65,강남구,2375, 수서역 1번출구 앞,서울특별시 강남구 수서동 728,10,332110.7135107047,4150631.50976202
66,강남구,2377, 수서역 5번출구 뒤,서울특별시 강남구 수서동 724-4,10,332264.73455076443,4150571.236543003
67,강남구,2382, 역삼동 sk뷰 501동앞,서울특별시 강남구 역삼로 315-1,11,327675.1197072043,4152275.5159758907
68,강남구,2383, 보금자리정원,서울특별시 강남구 헌릉로569길 39-6,10,331523.1851965381,4148309.865151966
69,강남구,2385, 학동역,서울특별시 강남구 학동로 지하 180,10,325908.3506436293,4153711.8000224484
70,강남구,2387, 래미안강남힐즈 사거리,서울특별시 강남구 자곡로 101,10,331642.17761228443,4148987.4658246003
71,강동구,1001, 광진교 남단 사거리(디지털프라자앞),서울특별시 강동구 구천면로 171,15,334328.4503160991,4156631.6954249693
72,강동구,1002, 해공공원(천호동),서울특별시 강동구 올림픽로 702,10,334441.850376135,4157008.3979906715
73,강동구,1003, 해공도서관앞,서울특별시 강동구 올림픽로 702,20,334398.5007947098,4156864.51450721
74,강동구,1004, 삼성광나루아파트 버스정류장,서울특별시 강동구 상암로3길 77,10,334719.91063238477,4157905.311895848
75,강동구,1006, 롯데캐슬 115동앞,서울특별시 강동구 양재대로 1665,15,335954.7170384991,4158055.200781392
76,강동구,1007,암사동 선사유적지,서울특별시 강동구 올림픽로 875,16,334890.2980365653,4158536.1916385586
77,강동구,1008, 암사역 3번출구(국민은행앞),서울특별시 강동구 올림픽로 지하 776,10,334560.53557292855,4157486.6752307885
78,강동구,1009, 천호역4번출구(현대백화점),서울특별시 강동구 천호대로 지하 997,20,334276.9521760711,4156283.396437703
79,강동구,1010, 강동세무서,서울특별시 강동구 천호대로 1139,20,335516.25403514213,4155795.103345323
80,강동구,1011, LIGA 아파트 앞,서울특별시 강동구 천호대로 1120,20,335242.5296426206,4155832.7189138397
81,강동구,1012, 서울 상운차량,서울특별시 강동구 올림픽로 610,15,334139.6451474159,4155993.9773845333
82,강동구,1013, 강동구청역 1번 출입구,서울특별시 강동구 올림픽로 지하 550,15,333968.94730842044,4155414.2884527
83,강동구,1014, 강동구평생학습관앞,서울특별시 강동구 고덕로 295,15,335930.22237947956,4157598.356216744
84,강동구,1015, 샛마을 근린공원,서울특별시 강동구 구천면로 431-2,13,336307.4561477844,4157510.8767762543
85,강동구,1016, 해뜨는 주유소옆 리엔파크 109동앞,서울특별시 강동구 상일로 152,10,338469.5431785685,4158503.0493432684
86,강동구,1017, 맥도날드(길동),서울특별시 강동구 천호대로 1207,20,336121.7580545631,4155893.248581215
87,강동구,1018, 둔촌 주공 GS 맞은편,서울특별시 강동구 양재대로 1330,20,335235.08312831,4154712.855026274
88,강동구,1019, 다성이즈빌아파트(호원대 대각선 맞은편),서울특별시 강동구 성내로 91,10,334764.5431037335,4154960.1879682145
89,강동구,1020, 강동경찰서,서울특별시 강동구 성내로 57,15,334482.60922741133,4155128.418572868
90,강동구,1021, 강일동 리슈빌 빌딩앞,서울특별시 강동구 아리수로 419,15,338726.73648849083,4159042.1708579795
91,강동구,1022, 길동 사거리(초소앞),서울특별시 강동구 양재대로 1441,20,335487.02119175345,4155716.093808211
92,강동구,1023, 한국종합기술사옥 앞,서울특별시 강동구 상일동 504 ,15,338761.2707094256,4157453.974815822
93,강동구,1024,  강동구청 앞,서울특별시 성내동 546-3 ,10,334158.3909607531,4155241.5579212066
94,강동구,1025, 상일초등학교,서울특별시  상일동 440-3,10,338564.7375356264,4157091.1607577666
95,강동구,1026, 대명초교 입구 교차로,서울특별시 명일동 59,14,337092.5620063947,4157112.7009110046
96,강동구,1027, 프라자 아파트 앞,서울특별시 길동 176-3,20,336346.0177046008,4155947.2136983154
97,강동구,1028, 포레스 주상복합 빌딩,서울특별시 성내동 119-2,10,334137.93361994054,4155669.2167055747
98,강동구,1029, 롯데 시네마,서울특별시 성내동  44-1,10,334376.79396484245,4156046.4115467924
99,강동구,1030, 미호 플랜트 앞,서울특별시 성내동 478,15,334061.81167165225,4155000.389958801
100,강동구,1031, 암사동 CBIS,서울특별시 암사동 440-13,15,334817.1319154954,4158181.105979693
101,강동구,1032, 선사고등학교,서울특별시 암사동 445,20,335376.4645131178,4158267.342272169
102,강동구,1033, 고덕동 아남아파트,서울특별시 고덕동 673,10,336129.992691227,4158392.6257401602
103,강동구,1034, 고덕동 래미안 힐스테이트,서울특별시 고덕동 603,15,336672.2609271992,4158816.8410414285
104,강동구,1035, 고덕역 4번출구,서울특별시 명일동 46-5,20,337056.8450573472,4158044.147475742
105,강동구,1036, 고덕동 주양쇼핑,서울특별시 명일동 48-2,10,336875.71016000345,4157712.702984676
106,강동구,1037, 강일 6단지,서울특별시 강일동 448-2,10,339046.49879136647,4158845.8187143225
107,강동구,1038, 강일 다솜 어린이 공원,서울특별시 강일동 333-2,10,338810.96267538023,4159525.2727756524
108,강동구,1039, 고덕초등학교,서울특별시 고덕동 215,7,338177.081476142,4158717.428291859
109,강동구,1040, 강일동 에너지 마루,서울특별시 고덕동 375,15,337806.48596213595,4159381.9004823044
110,강동구,1041, 묘곡초등학교,서울특별시 고덕동 499-2,10,336891.406369679,4158511.383264949
111,강동구,1042, 강일 2.5단지 사이,서울특별시 강일동 63-20,10,339005.4814812135,4159509.729629427
112,강동구,1044, 굽은다리역,서울특별시  양재대로 1572,15,335916.3466477181,4156999.1085140225
113,강북구,1501,미아역 3번4번 출구 사이,서울특별시 강북구 도봉로 196,9,325845.46739149664,4166160.655412751
114,강북구,1503, 이디야 커피 수유역점 앞,서울특별시 강북구 도봉로 355,12,325900.45752850577,4167624.623698388
115,강북구,1504, 다이소 삼양시장점,서울특별시 강북구 삼양로 234,10,325147.3666780417,4165961.8955221423
116,강북구,1506, 강북문화예술회관,서울특별시 강북구 삼각산로 85,20,324720.7833471042,4167765.9802545924
117,강북구,1509, 서울북부수도사업소,서울특별시 강북구 한천로 935,10,326682.7779665829,4167064.137415909
118,강북구,1510, 번동주공5단지 관리사무소 앞,서울특별시 강북구 오현로25마길 27,10,326660.41835409566,4166991.338713292
119,강북구,1511, 번동 금호어울림아파트102동앞,서울특별시 강북구 오현로31길 85-7,9,326700.19109425263,4166702.5445094756
120,강북구,1512, 강북중학교 앞,서울특별시 강북구 한천로150길 67,20,325896.43909489096,4168230.719086285
121,강북구,1513, 강북구청 뒷편,서울특별시 강북구 도봉로89길 13,20,325757.315909439,4167668.7108828877
122,강북구,1514, 강북구청 사거리 버스정류소 앞,서울특별시 강북구 한천로 1009,10,326040.71309145004,4167569.1655992395
123,강북구,1515, 송천동 주민센터,서울특별시 강북구 솔샘로 284,10,325612.441097112,4165300.340060061
124,강북구,1516, 우이초등학교 후문 옆,서울특별시 강북구 삼양로99길 33,10,324941.80837808014,4167581.350622268
125,강북구,1518, SK telecom(수유직영점) 앞,서울특별시 강북구 삼양로 439,10,324975.0295730507,4168066.7694424214
126,강북구,1519, 세븐일레븐 수유장미원점 앞,서울특별시 강북구 삼양로 474,10,324932.0561671789,4168330.3333068574
127,강북구,1520, 성실교회,서울특별시 강북구 노해로 50,10,325551.77926629497,4167696.7980645695
128,강북구,1522, 월드전기조명인테리어(우이동),서울특별시 도봉구 삼양로 574,10,324700.8404619696,4169336.67242202
129,강북구,1525, 미아동 복합청사,서울특별시 강북구 솔매로49길 14,10,325866.7397544988,4166277.8796305596
130,강북구,1526, 수유동 채선당앞,서울특별시 강북구 수유동 140,8,325718.43676417245,4167901.654597062
131,강북구,1527, 미아역 1번 출구 뒤,서울특별시 강북구 미아동 194-1,10,325810.6245964688,4166300.707371878
132,강북구,1528, 삼각산동 주민센터,서울특별시 미아동 813-8,10,325309.2379555468,4164945.9442441403
133,강북구,1529, 미아동 한국전력공사,서울특별시 미아동 194-1,15,325716.3096748215,4166618.519327215
134,강북구,1530, 광산사거리,서울특별시 강북구 노해로 87 ,10,325521.3219905376,4168106.962062989
135,강북구,1531, 미아사거리 1번 출구,서울특별시 강북구 미아동 66-1,10,326149.8562827867,4164808.364107646
136,강북구,1532, 번3동 주민센터 교차로,서울특별시 강북구 번동 2-2,10,327696.3568904635,4166152.342161294
137,강북구,1533,번동 주공3 4단지 교차로,서울특별시 강북구 번동 254,10,327128.22573924,4166559.7154112337
138,강북구,1534, 북서울 꿈의 숲 동문,서울특별시 강북구 번동 105,20,327423.649639696,4165412.369898636
139,강북구,1535, 효성인텔리안 앞,서울특별시 수유동 230-7,10,325595.2263801666,4167299.5712225325
140,강북구,1536, 번동 두산위브 101동 옆,서울특별시 번동 386-17,20,326371.42422183894,4167279.808029868
141,강북구,1538, 솔밭공원역,서울특별시 강북구 삼양로 595,8,324738.50587740366,4169523.0411645407
142,강북구,1539, 4.19민주묘지역,서울특별시 강북구 삼양로 519,10,324750.8712269326,4168802.8635314708
143,강북구,1541, 삼양역,서울특별시 강북구 삼양로 263,10,325103.152535088,4166226.259930096
144,강서구,1101, 개화동상사마을종점 버스정류장,서울특별시 강서구 개화동로5길 3-8,10,305617.6111588623,4161673.7782224403
145,강서구,1102, 방화사거리 마을버스 버스정류장,서울특별시 강서구 양천로17길 6,10,306763.3229905481,4160762.2361020097
146,강서구,1103, 방화역 4번출구앞,서울특별시 강서구 금낭화로 135,10,306806.9288729043,4161158.4683947703
147,강서구,1105, 방화근린공원,서울특별시 강서구 금낭화로 176,10,306806.3104124362,4161738.7010066337
148,강서구,1106, 신방화사거리,서울특별시 강서구 방화대로 342,10,307172.0805385626,4160684.8860830516
149,강서구,1108, 공항시장역 1번출구,서울특별시 강서구 방화동로 지하 30,8,306590.9794757789,4159646.7859237236
150,강서구,1109, 공항시장역 4번출구,서울특별시 강서구 방화동로 지하 30,6,306620.10805826826,4159622.4585815216
151,강서구,1110, 공항중학교앞,서울특별시 강서구 방화대로 241,10,307126.48095486197,4159536.950976493
152,강서구,1111, 마곡엠밸리6_7단지 마곡중학교,서울특별시 강서구 마곡중앙5로 58,15,307628.8492757452,4160002.5812515575
153,강서구,1112, 마곡엠밸리4단지 정문,서울특별시 강서구 마곡서로 175,15,307895.8108629822,4160173.4782955362
154,강서구,1113, 서남환경공원 버스정류장,서울특별시 강서구 양천로 201,15,307741.63944914506,4160678.435996902
155,강서구,1114, 서남물재생센터 버스정류장,서울특별시 강서구 양천로 200,15,308039.3608021076,4160636.9002975626
156,강서구,1115, 등촌역 1번출구옆,서울특별시 강서구 공항대로59길 8,10,311325.57068351685,4158217.2805729895
157,강서구,1117, 스타벅스앞,서울특별시 강서구 공항대로 329,10,309590.40116103756,4158981.9920149026
158,강서구,1118, 증미역 3번출구뒤(등촌두산위브센티움오피스텔),서울특별시 강서구 양천로 지하 560,10,311107.68229569664,4158865.60409187
159,강서구,1119, 염창동 한마음아파트앞(염창동 빛나는 음악학원앞),서울특별시 강서구 양천로 637,6,311638.73113343253,4158497.3786225775
160,강서구,1120, 대림경동아파트앞,서울특별시 강서구 허준로 121,10,310468.0909407914,4159738.164156851
161,강서구,1121, 가양레포츠센터앞,서울특별시 강서구 양천로61길 101,15,311370.8967452949,4159083.657448962
162,강서구,1122, 황금내근린공원,서울특별시 강서구 허준로 221-40,10,311331.9463185319,4159356.877814095
163,강서구,1123, 공암나루근린공원 관리사무소옆,서울특별시 강서구 강서로80길 117,15,310084.6694406116,4160334.3515898264
164,강서구,1124, 발산역 6번출구옆(다이소앞),서울특별시 강서구 공항대로 280,10,309062.08716815704,4158968.7071319968
165,강서구,1125, 명덕고교입구(영종빌딩),서울특별시 강서구 강서로 304,10,308897.5857463155,4158411.3833852545
166,강서구,1126, 우장산역 1번출구옆(우장산아이파크105동앞),서울특별시 강서구 강서로 지하 262,7,308886.64434753434,4157966.8773723906
167,강서구,1127, 화곡역(에이스정형외과앞) 버스정류장,서울특별시 강서구 화곡로 157,10,309041.6974344737,4157083.232127522
168,강서구,1128, 화곡역 6번출구,서울특별시 강서구 화곡로 지하 168,10,309191.0612913078,4157127.649157039
169,강서구,1129, 화곡역 1번 출구 앞,서울특별시 강서구 화곡로 지하 168,10,309192.19462057226,4157203.895575029
170,강서구,1130, 화곡본동시장 버스정류장,서울특별시 강서구 화곡로 196,7,309406.17656085396,4157271.3675139113
171,강서구,1131, 꿈돌이공원 앞,서울특별시 강서구 화곡로 232,8,309666.3253979883,4157675.4047258
172,강서구,1132, 등촌역 7번출구,서울특별시 강서구 공항대로 지하 529,10,311290.4176914688,4158156.241028899
173,강서구,1135, 강서구의회,서울특별시 강서구 등촌로 185,10,311176.4727195,4157650.6891406593
174,강서구,1136, 등촌2파출소,서울특별시 강서구 등촌로 167,10,311123.56529439136,4157458.272066686
175,강서구,1137, 등촌2동주민센터,서울특별시 강서구 등촌로 143,10,311236.24869842094,4157107.2148566917
176,강서구,1139, 용문사 버스정류장,서울특별시 강서구 등촌로 95,8,311229.50836429076,4156690.1519844667
177,강서구,1140, 목동사거리 버스정류장,서울특별시 강서구 등촌로 19,15,311231.95708664216,4155969.3500991557
178,강서구,1141, 곰달래 문화복지센터 1-1,서울특별시 강서구 강서로5길 50,10,309889.08035269263,4155740.296887911
179,강서구,1145, 곰달래 문화복지센터 1-2,서울특별시 강서구 강서로5길 50,10,309853.6385286121,4155725.4540131153
180,강서구,1146, 곰달래사거리,서울특별시 강서구 곰달래로 51,10,308988.91332943534,4155902.833234111
181,강서구,1148, 볏골공원,서울특별시 강서구 까치산로4길 22,10,309593.6773341043,4157124.8461130024
182,강서구,1149, 신방화역환승주차장,서울특별시 강서구 마곡서1로 111-12,13,307318.27282429946,4160043.3186571468
183,강서구,1150, 송정역 1번출구,서울특별시 강서구 공항대로3길 18,10,306614.7537186744,4159423.071291841
184,강서구,1153, 발산역 2번출구,서울특별시 강서구 공항대로 281,10,309047.70830271975,4159073.62163442
185,강서구,1155, 기쁜우리복지관,서울특별시 강서구 가양동 1458-15 ,10,309985.8261371618,4160201.1679454413
186,강서구,1158, 가양역 8번출구,서울특별시 강서구 양천로 지하 485,10,166021.44317933032,0.0
187,강서구,1159, 서서울모터리움앞,서울특별시 강서구 양천로53길 30,20,309816.14339038264,4159826.8028735374
188,강서구,1160, 양천향교역 7번출구앞,서울특별시 강서구 양천로 지하 341,20,309317.41876024567,4160041.0899360594
189,강서구,1161, 강서면허시험장앞,서울특별시 강서구 남부순환로 171,10,307395.6606089111,4158088.6031105393
190,강서구,1162, 공항초등학교건너편,서울특별시 강서구 마곡서1로 68,10,307500.5597340466,4159527.819241371
191,강서구,1163, 방화동강서기동대앞,서울특별시 강서구 방화대로34길 65,10,307486.33667541004,4160396.3604375664
192,강서구,1166, 강서구립등빛도서관,서울특별시 강서구 강서로62길 48,10,309442.5350249342,4159470.777423909
193,관악구,2102, 봉림교 교통섬,서울특별시 관악구 관천로 52,20,316664.61563770135,4150611.1660893336
194,관악구,2103, 신림동 우방아파트,서울특별시 관악구 관천로27길 2,10,316047.2656715001,4151174.0975595033
195,관악구,2104, 사당역 5번출구,서울특별시 동작구 남부순환로 지하 2089,13,321503.1358396647,4149602.220240348
196,관악구,2105, 미성동 신림체육센터,서울특별시 관악구 난곡로 295,12,315612.4915447354,4150192.6819994473
197,관악구,2106, 난곡 새마을금고,서울특별시 관악구 난곡로 210,12,315932.5136126034,4149461.442216215
198,관악구,2107, 도림천 신화교,서울특별시 관악구 신림로 40,25,317533.11521661957,4149619.699614271
199,관악구,2108, 은천치안센터,서울특별시 관악구 봉천로 375,20,318148.5968324752,4150479.909503092
200,관악구,2109, 은천로입구 가로공원,서울특별시 양천구 가로공원로 지하 133,15,317503.9259810735,4150814.1894861595
201,관악구,2110, 조원동 미성아파트,서울특별시 관악구 시흥대로 560,9,314507.9510666168,4150543.7294083536
202,관악구,2111, 서울대입구역 1번출구,서울특별시 관악구 남부순환로 1830,10,319037.22309658746,4150186.1116142585
203,관악구,2112, 서울대입구역 마에스트로,서울특별시 관악구 남부순환로 지하 1822,15,318802.16903485823,4150243.402676854
204,관악구,2113, 관악동작견인차량보관소,서울특별시 관악구 신사로 7,10,314676.84862918186,4150703.049730829
205,관악구,2115, 관악농협농산물백화점,서울특별시 관악구 남부순환로 1369,15,314571.38718183583,4150178.6243028212
206,관악구,2116, 에이스에이존빌딩,서울특별시 관악구 남부순환로 지하 1822,9,318819.32379487983,4150283.6600938714
207,관악구,2119, 중앙동 동진빌딩,서울특별시 관악구 관악로 217,10,319167.5110666447,4150559.39223964
208,관악구,2122, 낙성대로 입구,서울특별시 관악구 남부순환로 1889,20,319665.28431539144,4149860.4208341883
209,관악구,2127, 보성운수차고지 맞은편,서울특별시 관악구 난곡로 99,10,316005.9002487798,4148478.2211040654
210,관악구,2128, 관악구청교차로,서울특별시 관악구 관악로 153,12,318968.29039693176,4149998.3331635594
211,관악구,2129, 낙성대 과학전시관,서울특별시 관악구 낙성대로 101,10,319435.80381234654,4148865.947887158
212,관악구,2130, 영어마을 관악캠프,서울특별시 관악구 낙성대로 70,15,319497.47375605477,4149188.212654758
213,관악구,2135, 신림역 5번출구,서울특별시 관악구 남부순환로 지하 1614,11,316887.6154425059,4150626.1272751153
214,관악구,2136, 신림역 8번출구,서울특별시 관악구 신림로 340,10,316977.06801332993,4150642.8096946105
215,관악구,2137, KT&G 관악지점,서울특별시 관악구 남부순환로 1675,10,317562.77646886173,4150665.9155858904
216,관악구,2140, 신림1교 교차로,서울특별시 관악구 신림로 270,12,317134.14688516315,4149956.7259740825
217,관악구,2141, 미림여고입구 교차로,서울특별시 관악구 신림로 137,12,317256.18278648995,4149273.0819813297
218,관악구,2143, 서울산업정보학교,서울특별시 관악구 신림로 67,10,318029.58367541444,4149078.6282251566
219,관악구,2144, 난우길입구,서울특별시 관악구 문성로 115,15,315796.71152858395,4149913.8381222
220,관악구,2145, 은천초등학교 육교,서울특별시 관악구 은천로 69,12,318131.5999277617,4150815.3214911846
221,관악구,2148, 낙성대역 3번출구 뒤,서울특별시 관악구 남부순환로 지하 1928,10,319919.1717253848,4149740.5805880697
222,관악구,2153, 서울남부초등학교 옆,서울특별시 관악구 남부순환로163가길 20,10,316151.4289927317,4150723.7355806264
223,관악구,2156, 농협 관악문성지점,서울특별시 금천구 남부순환로 1428,12,315146.83476756216,4150255.1902959603
224,관악구,2157, 난곡 사거리,서울특별시 관악구 난곡로 317,10,315672.27414497663,4150363.321333433
225,관악구,2159, 인헌초교,서울특별시 관악구 봉천동 244-1 ,10,319546.191037242,4149533.5161924865
226,관악구,2164, 관악우체국,서울특별시 관악구 남부순환로 1641,8,317239.35502220935,4150658.248299554
227,관악구,2165, JK장평타워,서울특별시 관악구 남부순환로 1943,10,320091.9843117586,4149676.2305479106
228,관악구,2170, 조원동서울본병원,서울특별시 관악구 남부순환로 1451,10,315388.28732695704,4150339.531402849
229,관악구,2171, 서울대입구역 5번출구,서울특별시 관악구 남부순환로 1817,17,318922.7573511122,4150263.9796251054
230,관악구,2172, 나들목공원,서울특별시 관악구 신림로 41,20,318230.8445939082,4148931.134676977
231,관악구,2173, 당곡사거리,서울특별시 관악구 보라매로 3,10,316773.16084205057,4151221.5790915843
232,관악구,2174, 삼성디지털프라자관악점,서울특별시 관악구 신림로 386,10,316860.00734490436,4151088.0027453857
233,관악구,2175, 신림동걷고싶은문화의거리입구,서울특별시 관악구 신림로 369,10,316876.46316572395,4150947.428382726
234,관악구,2176, 보라매공원 보도육교,서울특별시 관악구 신사로 132,15,315817.24337876984,4151149.1016225605
235,광진구,3501, 광진구청 앞,서울특별시 광진구 자양로 131,10,330637.3116232556,4156450.400304941
236,광진구,3502, 중곡역 1번출구,서울특별시 광진구 능동로 지하 417,15,330811.080212545,4159350.5484862863
237,광진구,3503, 광진유진스웰,서울특별시 광진구 아차산로78길 7,20,332955.1246124361,4157623.056758537
238,광진구,3504, 원일교회,서울특별시 광진구 아차산로 304,9,330068.4525428703,4156301.1732341642
239,광진구,3505, 신양초교앞 교차로,서울특별시 광진구 능동로 42,12,329337.3722748067,4156001.9047040576
240,광진구,3506, 영동대교 북단,서울특별시 광진구 자양동 203-22,10,328696.2589836965,4156214.138271246
241,광진구,3507, 어린이회관,서울특별시 광진구 능동 465-7,25,330210.43191119045,4157175.217098882
242,광진구,3508, 화양사거리,서울특별시 광진구 화양동 21-6,10,329321.16631967295,4157445.435753634
243,광진구,3509, 세종사이버대학교,서울특별시 광진구 군자동 111-2,20,329771.8138651933,4157983.2234122995
244,광진구,3517, 용마사거리,서울특별시 광진구 능동로 373,10,330668.17057012493,4159020.1124580745
245,광진구,3520, 광진경찰서,서울특별시 광진구 자양로 167,10,330739.9156820858,4156783.3234437727
246,광진구,3521, 현대홈타운 뒷길,서울특별시 광진구 아차산로69길 29,10,331849.4567889467,4156861.5734361946
247,광진구,500,어린이대공원역 3번출구 앞,서울특별시 광진구 능동로 지하210,10,329883.3443433044,4157306.0176425446
248,광진구,501,광진구의회 앞,서울특별시 광진구 능동로 76,15,329514.6959574884,4156229.933506854
249,광진구,502,뚝섬유원지역 1번출구 앞,서울특별시 광진구 능동로 10,15,329223.1408459643,4155631.159460306
250,광진구,503,더샵스타시티 C동 앞,서울특별시 광진구 아차산로 262,15,329799.69855189254,4156152.9329991
251,광진구,504,신자초교입구교차로,서울특별시 광진구 뚝섬로 596,5,329998.24132291286,4155738.4773173286
252,광진구,505,자양사거리 광진아크로텔 앞,서울특별시 광진구 아차산로 355,10,330564.9636441125,4156175.360865242
253,광진구,515,광양중학교 앞,서울특별시 광진구 자양로3길 7,10,330954.79248765926,4155415.3561461656
254,광진구,516,광진메디칼 앞,서울특별시 광진구 광나루로 355,10,329452.95430855546,4157463.041610999
255,광진구,539,군자교교차로,서울특별시 광진구 중곡동 263-1,10,329906.18520408357,4158718.107399918
256,광진구,540,군자역 7번출구 베스트샵 앞,서울특별시 광진구 군자동 499,8,330289.9268236401,4158292.311972568
257,광진구,542,강변역 4번출구 뒤,서울특별시 광진구 구의동 546-6,19,331642.7404262061,4155981.940840517
258,광진구,543,구의공원(테크노마트 앞),서울특별시 광진구 구의동 546-3,20,331660.7508188389,4156037.5222371966
259,광진구,544,광남중학교,서울특별시 광진구 광장동 561-15,20,332398.7942548783,4156551.0881769788
260,광진구,546,잠실대교북단 교차로,서울특별시 광진구 자양동 722,8,330806.1910225403,4155667.366422349
261,광진구,548,자양나들목,서울특별시 광진구 자양동 738,20,329895.9791521522,4155385.351468173
262,광진구,549,아차산역 3번출구,서울특별시 광진구 구의동 96,10,331256.26754442253,4157739.116104916
263,광진구,551,구의삼성쉐르빌 앞,서울특별시 광진구 구의강변로 106,10,331654.49386413814,4156491.9921137537
264,광진구,552,대림아크로리버 앞,서울특별시 광진구 구의강변로 64,10,331511.8229001702,4156108.25507296
265,광진구,553,중곡 성원APT 앞,서울특별시 광진구 동일로 459,10,330426.8383931292,4159979.584879486
266,광진구,555,구의3동주민센터,서울특별시 광진구 강변역로 17,10,331443.9067696946,4156250.6095213564
267,광진구,571,어린이대공원역6번출구,서울특별시 광진구 군자로 74,20,329929.69931793446,4157463.3630257025
268,광진구,572,국립정신 건강센터 앞,서울특별시 광진구 능동로 398,20,331023.04816625034,4159332.574977653
269,광진구,573,구의문주차장 앞,서울특별시 광진구 능동로 216,10,330803.30030607665,4157083.078979189
270,광진구,574,아차산역4번출구,서울특별시 광진구 능동로 216,20,331193.71792248474,4157809.7662901427
271,광진구,575,중앙농협 중곡지점,서울특별시 광진구 용마산로 120,10,331041.1726871914,4159194.2255284796
272,광진구,576,광나루역 3번 출구,서울특별시 광진구 아차산로 552,10,332527.95537267823,4157003.6002636347
273,광진구,577,광진청소년수련관,서울특별시 광진구 구천면로 2,10,332697.00840951677,4157190.7865729663
274,광진구,584,광진광장 교통섬,서울특별시 광진구 군자동 374-8,20,329740.1815475214,4157393.2062655916
275,광진구,588,뚝섬 유원지역,서울특별시 광진구 능동로 10,15,329251.9808832789,4155722.4800247173
276,광진구,590,건국대학교 (입학정보관),서울특별시 광진구 능동로 120,10,329820.99845374725,4156532.359943168
277,광진구,591,건국대학교 (행정관),서울특별시 광진구 능동로 120,5,329970.6860071223,4156827.789488714
278,광진구,592,건국대학교 학생회관,서울특별시 광진구 능동로 120,15,330238.6540046998,4156709.6356158135
279,광진구,593,양중앙나들목,서울특별시 광진구 자양강변길 301,5,330159.5481911232,4155248.6389250956
280,구로구,1901, 신도림동주민센터 앞,서울특별시 구로구 신도림로 40,10,312596.3370641323,4153266.5556128486
281,구로구,1904, 도림천역 1번 출구 앞,서울특별시 구로구 경인로67길 160,10,312891.51251051703,4154026.825103592
282,구로구,1906, 신도림역 1번 출구 앞,서울특별시 구로구 경인로 688,20,313518.8710961074,4153510.9229099746
283,구로구,1907, 구일우성(아) 육교 밑,서울특별시 구로구 구일로2길 59,12,312245.17372563074,4151309.4409616794
284,구로구,1908, 해원리바파크 육교 밑,서울특별시 구로구 구일로 110,10,311897.1098311589,4151944.8957348135
285,구로구,1910, 낙원교회 맞은편,서울특별시 구로구 구로동로42길 43,5,312982.5952982246,4152166.878126867
286,구로구,1911, 구로디지털단지역 앞,서울특별시 구로구 시흥대로 577-2,10,314449.4944052993,4150739.0904671964
287,구로구,1912, 한신휴아파트 앞,서울특별시 구로구 디지털로31길 120,10,313516.6781737669,4151188.4739798787
288,구로구,1913, 구로리공원,서울특별시 구로구 구로중앙로 13,10,313653.7934791452,4151433.193197856
289,구로구,1914, 대림역4번출구,서울특별시 구로구 도림천로 351,10,313819.1297972492,4151824.603075145
290,구로구,1916, 구로중학교앞,서울특별시 구로구 구로중앙로 48,10,313469.9315954932,4151782.4688535803
291,구로구,1920, 서울미래초등학교 사거리,서울특별시 구로구 새말로 73,10,313346.36775905936,4152921.845266471
292,구로구,1924, 삼부르네상스파크빌,서울특별시 구로구 남부순환로 1299,10,313883.6747591221,4150063.5309124123
293,구로구,1925, 동양미래대학교 정문 옆,서울특별시 구로구 경인로 445,20,311514.10766204866,4152464.701136527
294,구로구,1928, 고척스카이돔구장 광장,서울특별시 구로구 경인로 430,10,311575.11534344614,4152416.8013239633
295,구로구,1929, 고척근린공원 고척도서관 앞,서울특별시 구로구 고척로45길 31,10,310206.6932710494,4153076.853154931
296,구로구,1930, 개봉지구대 개봉치안센터,서울특별시 구로구 경인로 293,7,310273.4896558743,4152248.1128781876
297,구로구,1931, 개봉역(북측광장),서울특별시 구로구 경인로40길 47,10,310666.65937679703,4151940.6189308236
298,구로구,1933, 개봉푸르지오아파트 상가,서울특별시 구로구 남부순환로 775,10,309676.9940404536,4152694.6141598625
299,구로구,1936, 개봉역 1번 출구 자전거보관서쪽,서울특별시 구로구 경인로40길 47,10,310749.911649783,4151859.566771932
300,구로구,1937, 한진아파트 입구,서울특별시 구로구 개봉로3길 87,15,310092.33711807017,4150961.853765082
301,구로구,1940, 예성 라온팰리스 앞,서울특별시 구로구 오류로8바길 34,10,309700.52648073935,4152246.4380852445
302,구로구,1941, 오류동역 2번출구,서울특별시 구로구 서해안로 2340-10,10,309408.6949909865,4151852.0007982505
303,구로구,1943, 온수역 북측,서울특별시 구로구 경인로3길 지하 64,10,307678.94104340544,4151764.3630124643
304,구로구,1946, 구로역 광장,서울특별시 구로구 구로중앙로 174,10,312643.7864635669,4152797.5414601048
305,구로구,1951, 천왕이펜하우스 4단지 상가 앞,서울특별시 구로구 천왕로 9,20,308971.1982938939,4150346.704232572
306,구로구,1952, 천왕연지타운2단지 앞,서울특별시 구로구 오리로 1102-10,15,309526.37425159046,4150535.5923510413
307,구로구,1953, 천왕역 4번출구 뒤,서울특별시 구로구 오리로 지하 1154,20,308961.1732155758,4151023.7212782963
308,구로구,1955, 디지털입구 교차로,서울특별시 구로구 시흥대로 551,10,314419.4683654674,4150511.3980990057
309,구로구,1956, 도야미리숫불갈비 앞,서울특별시 구로구 신도림로 67,10,312808.1099163514,4153559.093046572
310,구로구,1957, 구일고등학교 정문 ,서울특별시 구로구 구일로 90-51,15,312083.97460862424,4151731.5116294166
311,구로구,1958, 강서수도사업소민원센터,서울특별시 구로구 가마산로 272,10,313486.1249648053,4151964.1752542607
312,구로구,1960, 화광신문사 앞,서울특별시 구로구 공원로 68,10,313447.1390989518,4152749.836791989
313,구로구,1961, 신도림테크노근린공원,서울특별시 구로구 새말로 121-15,15,313621.5899045691,4153339.20552943
314,구로구,1962, 가리봉동주민센터,서울특별시 구로구 디지털로26길 5,10,313687.65688348946,4150385.538086299
315,구로구,1963, 디지털단지오거리,서울특별시 금천구 가산로 157,10,313445.16430385783,4150137.2953936025
316,구로구,1964, 원메디타운 앞,서울특별시 구로구 경인로 403,10,311226.43790703523,4152249.2975821146
317,구로구,1965, 삼환로즈빌아파트 105동 옆,서울특별시 구로구 경인로 343,15,310755.32403633493,4152186.8423512783
318,구로구,1966, 한마을아파트 정문상가,서울특별시 구로구 경인로 382,10,311098.8038774587,4152097.655877494
319,구로구,1967, 참새공원(백곡경노당),서울특별시 구로구 고척로21길 85,10,309462.10527472396,4153094.2167675113
320,구로구,1968, 동인오피스텔 건너편 소공원,서울특별시 구로구 고척로22길 64,7,309725.1692554173,4152349.23492851
321,구로구,1969, 궁동생태공원,서울특별시 구로구 오리로 1352,10,308094.8425336367,4152766.6160604013
322,구로구,1971, 오정초교 앞 보도육교,서울특별시 구로구 경인로2길 10,10,307838.8905722799,4151531.1825809376
323,구로구,1973, 오리로와 서해안도로 교차로 앞,서울특별시 구로구 오리로 1181,15,308726.57485070475,4151274.802584693
324,구로구,1975, 대림역 1번 출입구 밑,서울특별시 구로구 도림천로 351,10,313886.28115271963,4151599.843702885
325,구로구,1976, 남구로역 5번 출입구 앞,서울특별시 구로구 도림로 지하 7,10,313158.76426297124,4150850.1281587114
326,구로구,1979, 구로1동우체국 앞,서울특별시 구로구 구일로 64,10,312031.2928787356,4151580.60575724
327,구로구,1981, 천왕이펜하우스5단지 앞,서울특별시 구로구 천왕로 10,10,309251.7259068503,4150245.013086346
328,구로구,1983, 구로동롯데아파트,서울특별시 구로구 새말로 31,10,312951.33174089226,4152727.447761353
329,구로구,1984, 구로구청,서울특별시 구로구 가마산로 245,10,313339.23000012594,4151910.2963741454
330,구로구,1985, 구로도서관,서울특별시 구로구 공원로 15,20,313658.25281415775,4152263.9510184187
331,금천구,1802, 가산디지털단지역 5번출구,서울특별시 금천구 벚꽃로 309,20,312745.5695859387,4150183.426580027
332,금천구,1804, 독산역 2번출구 자전거주차장,서울특별시 금천구 벚꽃로 115,10,313289.27358915727,4148721.207984678
333,금천구,1805, 서울디지털운동장 앞,서울특별시 금천구 가산디지털2로 151,10,312360.30764532625,4150491.521632029
334,금천구,1806, 에이스하이엔드타워9차 앞,서울특별시 금천구 가산디지털1로 233,10,312447.0589268062,4150925.425002972
335,금천구,1808, 에이스하이엔드타워8차 앞,서울특별시 금천구 가산디지털1로 84,20,312971.86645544023,4149469.8205657015
336,금천구,1809, LG전자 별관동(호서대 벤처타워 맞은편),서울특별시 금천구 가산디지털1로 63,10,312984.7343997384,4149199.7578596063
337,금천구,1812, 갑을그레이트밸리 앞,서울특별시 금천구 디지털로9길 32,10,313194.9020040451,4150111.158140959
338,금천구,1814, 두산위브아파트 옆 상가건물 앞,서울특별시 금천구 가산로 99,8,313786.7618155487,4149563.7892270153
339,금천구,1816, 금천폭포공원 앞,서울특별시 금천구 시흥대로38길 61,20,314577.3635479106,4146508.841662515
340,금천구,1819, 금천구청 앞 자전거거치대,서울특별시 금천구 시흥대로73길 70,10,313901.95060130325,4147591.548433557
341,금천구,1820, 신한은행 시흥대로금융센터지점,서울특별시 금천구 시흥대로 446,10,314526.8216888254,4146119.078806658
342,금천구,1821, 홈플러스 시흥점 맞은편 다비치안경 앞,서울특별시 금천구 시흥대로 198,10,314436.9137616868,4147022.310387116
343,금천구,1822, 서울 시흥동우체국 앞,서울특별시 금천구 시흥대로 217,10,314334.0188992949,4147194.791223777
344,금천구,1823, 상신정비공업 앞,서울특별시 금천구 시흥대로 287,20,314143.53865516034,4147856.368662811
345,금천구,1824, 독산근린공원 입구,서울특별시 금천구 독산동 ,15,312842.9930535484,4148511.412449184
346,금천구,1825, 한신아파트 앞 육교 아래,서울특별시 금천구 금하로1길 70,10,313466.3041815013,4147403.9051258373
347,금천구,1826, 한신코아 앞,서울특별시 금천구 한내로 62,20,313232.0838344145,4147646.8419068954
348,금천구,1827, 독산보도육교 앞 자전거 보관소,서울특별시 금천구 서부샛길 70,20,313654.1246895612,4147527.2596963146
349,금천구,1828, 한양수자인아파트 앞,서울특별시 금천구 시흥대로150길 6,10,314210.5279793678,4149676.3273385754
350,금천구,1829, 홈플러스 금천점 앞,서울특별시 금천구 시흥대로 391,10,314046.1088537901,4148993.913490734
351,금천구,1830, 빅마켓 금천점 앞,서울특별시 금천구 두산로 71,15,313860.5224802309,4149119.1806408456
352,금천구,1831, 메이퀸웨딩컨벤션 앞,서울특별시 금천구 시흥대로 435,10,314121.2101239485,4149365.3644521767
353,금천구,1833, 독산역 1번출구 앞 자전거보관소,서울특별시 금천구 벚꽃로 115,10,313427.629315799,4148719.3276595604
354,금천구,1834, 월드메르디앙 벤처센터 2차,서울특별시 금천구 가산디지털2로 123,10,312465.03998867294,4150133.4571947344
355,금천구,1835, STX V타워,서울특별시 금천구 가산디지털1로 128,10,312936.3038803543,4149899.260353736
356,금천구,1836, 금천구립 독산도서관,서울특별시 금천구 독산로54길 114,7,315009.38393911463,4148779.7289731903
357,금천구,1839, 수출의 다리 아래,서울특별시 가산동 60-35,20,313007.1541509145,4149929.8634336274
358,금천구,1840, 솔브레인이엔지 뒤편,서울특별시 가산동 219-18,20,313253.20891977905,4149673.5494894274
359,금천구,1841, 가산동 주민센터,서울특별시 가산동 144-3,10,313593.86246860836,4149871.406813023
360,금천구,1842, 한울중학교,서울특별시 시흥동 1000-3,15,314884.0863492242,4148246.4164200076
361,금천구,1843, 독산고등학교,서울특별시 독산동 906-42,10,315297.7884932944,4149849.51570358
362,금천구,1845, 롯데캐슬골드파크1차 서문,서울특별시 금천구 벚꽃로40 ,15,313580.76388997945,4148021.8175173565
363,금천구,1846, 롯데캐슬골드파크1차 동문,서울특별시 금천구 독산동 441-19 ,15,313921.2789952244,4148001.1019842476
364,금천구,1847, 독산주공 14단지 버스정류소,서울특별시 금천구 안양천로,10,313132.4810368201,4148114.461578603
365,금천구,1848, 벽산 디지털밸리 5차,서울특별시 금천구 가산동 60-73 ,10,313019.30855177133,4149809.2468347787
366,금천구,1849, 대륭포스트타워5차,서울특별시 금천구 디지털로9길 68,10,313168.9425658226,4150369.6356055937
367,금천구,1850, 코오롱테크노밸리,서울특별시 금천구 디지털로9길 56,10,313115.3864938845,4150238.28269788
368,금천구,1851, 가산디지털단지 7번출구,서울특별시 금천구 벚꽃로 309,10,312655.99064978724,4150370.1772857807
369,노원구,1601, 석계역 문화광장 내 자전거 보관소,서울특별시 노원구 화랑로 331,20,329173.22240889154,4164894.5372604444
370,노원구,1602, 광운대역 앞,서울특별시 노원구 석계로 98-2,15,328963.16395378194,4165716.2286634487
371,노원구,1603, 롯데캐슬 102동 코너(월계주유소건너),서울특별시 노원구 월계로 252,10,327930.5772458717,4165981.5114279366
372,노원구,1605, 헬스케어,서울특별시 노원구 월계로 378,10,328958.8181485133,4166710.9565642234
373,노원구,1606, 태릉입구역 3번출구 ,서울특별시 노원구 동일로 지하 992-1,10,330105.3084314577,4165305.185643155
374,노원구,1608, 공릉역 1번 출구 앞,서울특별시 노원구 동일로 지하 1074,10,329930.3914424393,4166135.0081169796
375,노원구,1610, 화랑대역 2번출구 앞,서울특별시 노원구 화랑로 지하 510,20,330877.0516897184,4165422.3744423287
376,노원구,1611, 과기대 입구(우),서울특별시 노원구 공릉로 232,20,330273.23321358184,4166497.183881522
377,노원구,1616, 하계2동 공항버스정류장 옆,서울특별시 노원구 동일로 지하 1196,10,329559.2808495272,4167085.6562829115
378,노원구,1617, 하계동 중평어린이공원 앞,서울특별시 노원구 섬밭로 241,20,329117.62181715335,4167321.3328322168
379,노원구,1619, 중계동 하나프라자빌딩 앞(중1-1),서울특별시 노원구 한글비석로 235,10,330303.8629648102,4168614.699057007
380,노원구,1620, 중계동 노원구민체육센터 옆(중1-2),서울특별시 노원구 노원로22길 1,10,329756.1488202796,4168535.8145636134
381,노원구,1623, 노원 구민회관,서울특별시 노원구 동일로 1229,20,329387.6274576209,4167482.1636560336
382,노원구,1625, 상계역(4번출구),서울특별시 노원구 상계로 182,20,330025.40261323133,4169839.178550029
383,노원구,1627, 수락산역 4번출구,서울특별시 노원구 동일로 지하 1662,14,328488.1153160894,4171751.5422556303
384,노원구,1628, 노일초등학교 앞,서울특별시 노원구 동일로 1652,10,328493.9567827062,4171382.534596907
385,노원구,1630, 수연빌딩 앞,서울특별시 노원구 동일로 지하 1662,10,328522.2428258023,4171674.126040525
386,노원구,1634, 당고개공원 대여소,서울특별시 노원구 상계로 283,15,330453.8770064479,4170838.2266867002
387,노원구,1635, 상계3.4동 주민센터 대여소,서울특별시 노원구 덕릉로131길 8,11,330953.3202572119,4171231.0679590637
388,노원구,1636, 백병원 사거리 농협은행 앞,서울특별시 노원구 동일로 1351,10,329012.6584978597,4168662.4916167185
389,노원구,1637, KT 노원점 건물 앞,서울특별시 노원구 노해로 489,15,329169.225058737,4169268.5854705237
390,노원구,1639, 희성오피앙,서울특별시 노원구 동일로 1701,10,328493.23587800236,4172125.7621229477
391,노원구,1640, 한내근린공원 북측,서울특별시 노원구 마들로 86,10,329547.70571266237,4165837.4950014716
392,노원구,1641, 한내근린공원 남측,서울특별시 노원구 마들로 86,15,329632.63455579244,4165579.5401875586
393,노원구,1642, 서울여대 남문,서울특별시 노원구 화랑로51길 38,7,331316.745130331,4165975.7665072684
394,노원구,1643, 태릉입구역 8번출구,서울특별시 노원구 공릉동 687-6,10,330126.18039418414,4165104.499604544
395,노원구,1646, 삼육대 입구,서울특별시 노원구 공릉동 26-43,20,333058.98227707704,4167389.5214614887
396,노원구,1650, 중계근린공원내,서울특별시 노원구 중계동 506-3,20,329284.7539981443,4167587.634468326
397,노원구,1651, 맥도날드 상계점 앞,서울특별시 노원구 상계동 1118-9,20,328556.3621418502,4171243.2543955883
398,노원구,1652, 파르코 앞,서울특별시 노원구 상계동 1263,10,328537.58025749924,4172090.0956004905
399,노원구,1654, 당고개입구 오거리,서울특별시 노원구 상계동 172-2,15,330252.7236436646,4170255.452824744
400,노원구,1655, 공릉1단지아파트,서울특별시 동일로 1127,15,329711.7273665737,4166638.7069881978
401,노원구,1656, 중앙하이츠 아파트 입구,서울특별시 노원구 노원로 428,10,329525.96368665143,4169294.304868723
402,노원구,1657, 노원구청 ,서울특별시 노원구 노해로 437 ,10,328631.96383359656,4169207.3226187704
403,노원구,1659, 중계동 을지중학교,서울특별시 노원구 중계동 370,10,329882.83181244973,4168768.6573259938
404,노원구,1660, 서울시립과학관,서울특별시 노원구 하계동 266,8,330306.92577400897,4167843.1299492973
405,노원구,1661, 당현천근린공원,서울특별시 노원구 동일로 1342,10,329352.1621995396,4168702.8814079
406,노원구,1663, 동해문화예술관앞,서울특별시 노원구 화랑로 429,20,328598.79961549403,4165359.5434592976
407,노원구,1664, 노해근린공원내,서울특별시 노원구 노원로22길 1,10,329778.27768797544,4168663.241023676
408,노원구,1666, 노원소방서인근,서울특별시 노원구 노원로26길 111,10,329910.71077569504,4169373.191568246
409,노원구,1667, 중계중학교,서울특별시 노원구 덕릉로76길 23,10,330138.0402981448,4169226.206300676
410,노원구,1669, 중계역 3번출구,서울특별시 노원구 동일로 지하 1308-1,10,329284.1699041113,4168051.3301759157
411,노원구,1671, 인덕대학교,서울특별시 노원구 초안산로 12,15,328354.3861483338,4166471.145042181
412,노원구,1674, 서울북부고용센터앞,서울특별시 노원구 노해로 450,15,328697.50985707017,4169150.4599720133
413,노원구,1677, 육군사관학교  앞,서울특별시 노원구 화랑로 570,10,331488.74557066394,4165720.278359583
414,노원구,1681, 현대6차 아파트,서울특별시 노원구 중계로8길 20,12,330812.8612465749,4168246.938676884
415,노원구,1682, 중계종합사회복지관 교차로,서울특별시 노원구 덕릉로 662,13,330427.2548383509,4169475.590065906
416,도봉구,1702, 녹천역 1번출구 앞,서울특별시 도봉구 덕릉로 376,10,328016.79840211733,4168345.6673709485
417,도봉구,1703, 도봉산광역환승센터앞 ,서울특별시 도봉구 도봉로 955,15,327644.4024524291,4173187.7047843398
418,도봉구,1705, 도봉구청 정문앞,서울특별시 도봉구 마들로 656,15,327713.29551117844,4170910.991576819
419,도봉구,1706, 기업은행 앞,서울특별시 도봉구 도봉로 683,10,327365.9063819578,4170523.1524558947
420,도봉구,1707, 도봉구민회관,서울특별시 도봉구 도봉로 552,15,326973.1251992663,4169287.59823126
421,도봉구,1708, 보건소사거리(다비치안경창동점),서울특별시 도봉구 해등로 150,8,327096.39625672664,4169548.0044294745
422,도봉구,1709, 쌍문역4번출구 주변,서울특별시 도봉구 도봉로 지하 486-1,15,326683.7403652399,4168812.536367519
423,도봉구,1712, 창동역공영주차장앞,서울특별시 도봉구 마들로11길 74,15,328003.2995715871,4169220.373044953
424,도봉구,1713, 쌍문동 청소년 랜드,서울특별시  도봉구 노해로140,10,325841.73121116485,4168512.6185488445
425,도봉구,1714, 도봉문화정보도서관 삼거리,서울특별시 도봉구 덕릉로 315,10,327488.1700682583,4168185.496454567
426,도봉구,1715, 서울특별시교육청도봉도서관,서울특별시 도봉구 삼양로556,20,324700.53419019165,4169193.1397746606
427,도봉구,1716, 하나로마트 창동점,서울특별시 도봉구 마들로11길 20,10,328050.1451463413,4169236.3834527656
428,도봉구,1717, 시립창동운동장 입구,서울특별시 도봉구 창동 1-24,15,327998.3943721693,4169404.640662853
429,도봉구,1719, 신도봉사거리 버스정류장,서울특별시  도봉구 도봉로 771,10,327499.9825122057,4171366.0330295884
430,도봉구,1720, 도봉구청 옆(중랑천변),서울특별시 도봉구 마들로 656,20,327841.2353167533,4170846.9370950884
431,도봉구,1721, 창동역 2번출구 ,서울특별시 창동 74-2 ,12,327718.24859350454,4169111.5216317414
432,도봉구,1722, 창동청소년수련관,서울특별시 도봉구 노해로69길 132,15,327998.54477779166,4169636.7595414156
433,도봉구,1723, 방학동학마을도서관,서울특별시 도봉구 시루봉로 128,10,326038.5641616227,4170152.8899586084
434,도봉구,1727, 서울도봉초등학교인근,서울특별시 도봉구 도봉로173길 96,15,327227.8799368702,4171970.5103890174
435,동대문구,600,휘경2동 주민센터,서울특별시 동대문구 한천로 329,10,329487.0414745633,4162069.9145960533
436,동대문구,601,용신동주민센터,서울특별시 동대문구 용두동 65-25,10,326689.2766094819,4160577.6888643154
437,동대문구,602,장안동 사거리,서울특별시 동대문구 장한로 25길 2,10,329685.7285369142,4160096.783727882
438,동대문구,604,답십리초등학교 옆 공원,서울특별시 동대문구 전농로3길 23,15,328317.55278875155,4159845.470778574
439,동대문구,605,신설동역8번출구,서울특별시 동대문구 천호대로 26,8,325725.7606215579,4160403.9449279015
440,동대문구,606,휘경공고앞,서울특별시 동대문구 겸재로 21,6,329617.1430346675,4161480.3432653784
441,동대문구,607,신이문역 2번출구,서울특별시 동대문구 이문동186-1,10,329444.132517471,4163491.5852105203
442,동대문구,608,전농삼성아파트,서울특별시 동대문구 전농로 192,10,328289.74502231204,4161139.735386895
443,동대문구,609,제기2교,서울특별시 동대문구 제기동122-388,20,326716.7436910639,4161891.9110674877
444,동대문구,610,동대문중 교차로,서울특별시 동대문구 답십리동 524-1,10,327989.8251231845,4160233.018333848
445,동대문구,612,시립동부병원 앞 사거리,서울특별시 동대문구 용두동 237-10 ,20,326105.86707854155,4160336.687631125
446,동대문구,613,신설동역 10번출구 앞,서울특별시 동대문구 신설동 92-34,10,325460.7543747483,4160528.5204870957
447,동대문구,614,용두동 사거리,서울특별시 동대문구 용두동 237-10,20,326132.7053087421,4160782.38431251
448,동대문구,615,용두동 레미안허브리츠아파트 앞,서울특별시 동대문구 용두동 696-13 ,20,326491.49186374503,4160630.113487279
449,동대문구,616,서울시립대 앞,서울특별시 동대문구 전농동 135-5,20,328206.3447928545,4161280.3343033064
450,동대문구,617,청솔우성아파트 앞,서울특별시 동대문구 답십리동 94-2 ,20,328480.86962113576,4160346.8455034457
451,동대문구,621,동대문중학교 옆,서울특별시 동대문구 사가정로 62,15,328102.1198736352,4160411.8558120816
452,동대문구,622,전농사거리 교통섬,서울특별시 동대문구 사가정로 119,15,328501.29461789713,4160744.941900509
453,동대문구,623,서울시립대 정문 앞,서울특별시 동대문구 서울시립대로 161,20,328163.83519096114,4161407.4317268934
454,동대문구,624,전농동 동아아파트 앞,서울특별시 동대문구 서울시립대로 31,10,327438.5326050239,4160366.8010245757
455,동대문구,625,답십리초등학교 앞(현대시장 옆),서울특별시 동대문구 전농로 34,9,328421.326413324,4159680.80813886
456,동대문구,626,군자교 서측 녹지대,서울특별시 동대문구 장한로6길 95,10,329623.6117062875,4158874.6514286245
457,동대문구,627,장안동삼거리 교통섬,서울특별시 동대문구 사가정로 240,10,329746.2760097217,4160812.4244124815
458,동대문구,628,휘봉고등학교 앞,서울특별시 동대문구 한천로 290,15,329379.57520782924,4161728.335291997
459,동대문구,630,동대문구 보건소,서울특별시 동대문구 천호대로 145,15,326946.8257198398,4160450.755812552
460,동대문구,631,답십리역 1번출구,서울특별시 동대문구 천호대로 269,15,327900.38002046384,4159690.710808752
461,동대문구,633,청량리 기업은행 앞,서울특별시 동대문구 홍릉로 1,8,327358.5748822944,4161058.7182426574
462,동대문구,634,외국어대 정문 앞,서울특별시 동대문구 이문로 107,20,328719.6191892771,4162763.7739667958
463,동대문구,635,시조사 앞 (청량고정문 옆),서울특별시 동대문구 이문로1길 11,12,328076.9890883115,4161833.173614426
464,동대문구,636,세종대왕기념관 교차로,서울특별시 동대문구 회기로 56,10,327185.3906024357,4162227.256163063
465,동대문구,637,KAIST 경영대학 앞,서울특별시 동대문구 회기로 85,10,327470.0286341417,4162300.587285124
466,동대문구,638,서울시립대 정보기술관,서울특별시 동대문구 한천로43길 12-14,20,328790.8052220156,4161317.866046174
467,동대문구,639,서울시립대 후문,서울특별시 동대문구 한천로43길 12-14,14,328793.78982339054,4161560.8008376965
468,동대문구,640,KEB하나은행 청량리역지점,서울특별시 동대문구 왕산로 205,6,327334.3441324873,4161286.680183373
469,동대문구,641,용두역 4번출구,서울특별시 동대문구 청계천로 563,10,326787.9612255042,4160332.0728945793
470,동대문구,642,신답역 사거리,서울특별시 동대문구 천호대로 231,7,327667.0722016995,4159914.462839771
471,동대문구,643,동대문구민체육센터 (육교아래),서울특별시 동대문구 장안벚꽃로 77,10,329941.4085793678,4159513.969441248
472,동대문구,647,신이문역 1번출구,서울특별시 동대문구 신이문로 44,10,329391.8036205012,4163502.32022901
473,동대문구,651,우리은행청량리지점앞,서울특별시 동대문구 왕산로 239,10,327669.1699597407,4161312.2400623634
474,동작구,2002, 노들역 1번출구,서울특별시 동작구 노량진로 지하 238,10,319004.72546984,4153749.246354591
475,동작구,2003, 사육신공원앞,서울특별시 동작구 노량진로 191,10,318650.9865726427,4153801.362177233
476,동작구,2007, 유한양행앞,서울특별시 동작구 노량진로 74,20,317428.6892860185,4153781.4934071037
477,동작구,2008, 노량진근린공원 대방공원,서울특별시 동작구 여의대방로44길 20,10,316874.4206129034,4153397.3603470293
478,동작구,2009, 보라매역 8번출구,서울특별시 동작구 상도로 지하 2,10,316233.93297826475,4152379.8222268866
479,동작구,2013, 장승배기역 5번출구,서울특별시 동작구 상도로 지하 188,30,317864.01656732016,4152985.181129316
480,동작구,2015, 신대방삼거리역 6번출구쪽,서울특별시 동작구 상도로 지하 76,10,316983.33395299,4152338.7613042407
481,동작구,2016, 신대방삼거리역 3번출구쪽,서울특별시 동작구 상도로 지하 76,10,316764.3709226193,4152320.269818116
482,동작구,2020, 장승배기역2번출구뒷편쪽,서울특별시 동작구 상도로 지하 188,10,317827.6638589293,4152835.6636002185
483,동작구,2024, 상도역 1번출구,서울특별시 동작구 상도로 지하 272,10,318636.74005165265,4152560.423654564
484,동작구,2025, 흑석역 1번출구,서울특별시 동작구 현충로 지하 90,15,320016.4064669954,4153329.96277258
485,동작구,2026, 흑석역 4번출구,서울특별시 동작구 현충로 지하 90,10,319983.275923667,4153294.711864315
486,동작구,2028, 남성역 2번출구 뒷편,서울특별시 동작구 사당로 지하 218,10,320647.42997480277,4150551.0069695334
487,동작구,2032, 이수역 11번출구쪽,서울특별시 동작구 사당로 지하 310,10,321551.19384278136,4150646.805466873
488,동작구,2033, 사당동 아르테스 웨딩앞,서울특별시 동작구 동작대로 지하 3,10,321538.27458960365,4150201.1497806143
489,동작구,2034, 사당역 7번출구쪽,서울특별시 동작구 동작대로 지하 3,20,321438.2783592993,4149692.642473855
490,동작구,2036, 정금마을 마을버스정류장,서울특별시 서초구 동작대로 198,20,321641.15899972734,4151665.8488023994
491,동작구,2037, 동작역 5번출구 동작주차공원,서울특별시 동작구 현충로 지하 220,20,321198.03950444364,4152617.1881519337
492,동작구,2038, 동작역 7번출구,서울특별시 동작구 현충로 지하 220,10,321104.2272546572,4152618.317841141
493,동작구,2040, 비계 버스정류소,서울특별시 동작구 현충로 151,10,320492.0627058854,4152984.308946313
494,동작구,2041, 사당중학교 버스정류소,서울특별시 동작구 사당로 169,10,320354.2265907831,4150819.8763166615
495,동작구,2048, 삼일초등학교 인근,서울특별시 동작구 사당로23나길 27,10,320903.20126970566,4150987.658391949
496,동작구,2050, 노량진역 5번출구,서울특별시 동작구 노량진로 지하 130,10,317935.91362175683,4153804.671543528
497,동작구,2054, 삼익아파트,서울특별시 동작구 만양로 84,10,318360.26503572764,4153495.648464144
498,동작구,2056, 동작구민 체육센터,서울특별시 동작구 여의대방로16길 53,10,315817.54304310493,4151769.8968321797
499,동작구,2057, 상도 아이파크 아파트,서울특별시 동작구 장승배기로 26,10,318063.0424995363,4152428.9703521407
500,동작구,2058, 노량진동 맥도널드앞,서울특별시 동작구 노량진동 113-7 ,10,318250.8049076977,4153828.3092442895
501,동작구,2065, 서울시여성가족재단,서울특별시 동작구 여의대방로54길 18,15,316793.8505787157,4153690.1076704515
502,마포구,101,(구)합정동 주민센터,서울특별시 마포구 동교로8길 58,5,315001.1608721384,4157900.8521110946
503,마포구,102,망원역 1번출구 앞,서울특별시 마포구 월드컵로 72,20,315432.27997254743,4158606.097922758
504,마포구,103,망원역 2번출구 앞,서울특별시 마포구 월드컵로 79,14,315463.34906411916,4158488.9494796325
505,마포구,104,합정역 1번출구 앞,서울특별시 마포구 양화로 59,13,315819.4086492212,4158001.223278025
506,마포구,105,합정역 5번출구 앞,서울특별시 마포구 양화로 48,5,315803.65349182335,4157932.5201164195
507,마포구,106,합정역 7번출구 앞,서울특별시 마포구 독막로 4,10,315623.7808619243,4157785.307682402
508,마포구,107,신한은행 서교동금융센터점 앞,서울특별시 마포구 월드컵북로 35,5,316147.03415703017,4158757.8689221074
509,마포구,108,서교동 사거리,서울특별시 마포구 양화로 93,10,316145.39448291477,4158229.01967148
510,마포구,109,제일빌딩 앞,서울특별시 마포구 어울마당로 26,10,316253.6551194429,4157665.431710679
511,마포구,111,상수역 2번출구 앞,서울특별시 마포구 와우산로 40,10,316567.5583976564,4157678.472796055
512,마포구,112,극동방송국 앞,서울특별시 마포구 와우산로 56,10,316541.8439815041,4157826.804210043
513,마포구,113,홍대입구역 2번출구 앞,서울특별시 마포구 양화로 165,25,316615.3716241012,4158746.2852164856
514,마포구,114,홍대입구역 8번출구 앞,서울특별시 마포구 양화로18길 3,15,316668.8879443725,4158696.366435492
515,마포구,118,광흥창역 2번출구 앞,서울특별시 마포구 독막로 지하165,10,317294.5072017525,4157647.1217546705
516,마포구,119,서강나루 공원,서울특별시 마포구 창전로 30,10,317225.79704101814,4157376.75584328
517,마포구,120,신수동 사거리,서울특별시 마포구 토정로 211,5,317496.0505029013,4157366.1480530077
518,마포구,121,마포소방서 앞,서울특별시 마포구 창전로 76,15,317424.1311646323,4157870.076455109
519,마포구,122,신성기사식당 앞,서울특별시 마포구 독막로 223-1,10,317958.5950010761,4157578.801392823
520,마포구,124,서강대 정문 건너편,서울특별시 마포구 서강로16길 72,20,317764.5168910843,4158015.021512484
521,마포구,125,서강대 남문 옆,서울특별시 마포구 백범로 35,15,317933.7303897631,4157827.4664357053
522,마포구,126,서강대 후문 옆,서울특별시 마포구 대흥로 122,20,318368.70229070354,4157920.84890851
523,마포구,127,현대벤처빌 앞,서울특별시 마포구 백범로 10,15,317766.95798099245,4158279.1854651812
524,마포구,129,신촌역(2호선) 6번출구 옆,서울특별시 마포구 신촌로 106,15,317825.28940897144,4158448.2031411943
525,마포구,130,신촌역(2호선) 7번출구 앞,서울특별시 마포구 신촌로 94,10,317700.07806817594,4158429.304389823
526,마포구,136,대흥동 주민센터,서울특별시 마포구 신촌로26길 10,7,318258.1128586794,4158509.430762424
527,마포구,142,아현역 4번출구 앞,서울특별시 마포구 아현동 329-15,11,319429.1591929728,4158651.501364862
528,마포구,143,공덕역 2번출구,서울특별시 마포구 공덕동 257-88,9,318917.3471205501,4157261.4240919217
529,마포구,144,공덕역 8번출구,서울특별시 마포구 공덕동 438-5,10,319012.6458636406,4157148.331537111
530,마포구,145,공덕역 5번출구,서울특별시 마포구 공덕동 237-9,9,319041.9231971071,4157222.184197221
531,마포구,146,마포역 1번출구 뒤,서울특별시 마포구 도화동 555-2,12,318517.86745385895,4156754.7039107094
532,마포구,147,마포역 4번출구 뒤,서울특별시 마포구 도화동 292-29,7,318524.2978681908,4156680.8494768925
533,마포구,148,용강동 주민센터 앞,서울특별시 마포구 용강동 234-1,11,318276.3206400802,4157027.6438514986
534,마포구,150,서강대역 2번출구 앞,서울특별시 마포구 노고산동 112-13,15,317535.01003122795,4158221.6683256575
535,마포구,151,망원1동주민센터,서울특별시 마포구 망원동 403-2,10,314998.11319350195,4158581.01624763
536,마포구,152,마포구민체육센터 앞,서울특별시 마포구 망원동 452-4,30,314335.2061739424,4158698.2901092386
537,마포구,153,성산2교 사거리,서울특별시 마포구 성산동 54-17,12,315644.44631797983,4159566.9025392705
538,마포구,154,마포구청역 ,서울특별시 마포구 망원동 477-23,13,315006.3490664113,4159160.56919485
539,마포구,155,가좌역1 번출구 뒤,서울특별시 마포구 성산동123-29,15,315821.7633171714,4159990.7152078333
540,마포구,156,서울서부지방법원 앞,서울특별시 마포구 공덕동 105-11,10,319365.69163874263,4157842.809463741
541,마포구,157,애오개역 4번출구 앞,서울특별시 마포구 아현동 607-1,12,319509.3050596445,4158183.497179899
542,마포구,181,망원초록길 입구,서울특별시 마포구 마포나루길 467,15,314733.2864306336,4158104.549685951
543,마포구,182,망원2빗물펌프장 앞,서울특별시?마포구?동교로?7,10,314749.30399298435,4158129.1712779035
544,마포구,183,하늘채코오롱아파트 건너편,서울특별시 마포구 연남로 30,15,316244.6454976846,4159605.6544538466
545,마포구,184,SK망원동주유소 건너편,서울특별시 마포구 월드컵로 119?,9,315200.96264291287,4158938.6373825776
546,마포구,185,마포 신수공원 앞,서울특별시 마포구 현석동 106-32,15,317505.6411888584,4157066.527604455
547,마포구,186,월드컵공원,서울특별시 마포구 하늘공원로 108-1,40,314370.33743567875,4159514.046440763
548,마포구,199,서울 월드컵 경기장,서울특별시 마포구 성산동 515,30,314221.7679519066,4159837.1062342124
549,마포구,400,상암한화오벨리스크 1차 앞,서울특별시 마포구 구룡길 19,15,313086.1185043274,4162158.3995287158
550,마포구,401,상암월드컵파크 10단지 앞,서울특별시 마포구 월드컵북로 502-36,15,312960.2124824453,4162013.0272368905
551,마포구,402,상암월드컵파크 9단지 앞,서울특별시 마포구 월드컵북로 501,20,312793.5297728402,4161646.6474713394
552,마포구,403,부엉이공원 앞,서울특별시 마포구 가양대로 189,20,313233.5169305714,4161940.364383922
553,마포구,405,DMC빌 앞,서울특별시 마포구 월드컵북로60길 13,8,313319.8799789911,4161612.7975230706
554,마포구,406,상암월드컵파크 7단지 앞,서울특별시 마포구 상암산로1길 92,15,312857.049200302,4161474.1311378996
555,마포구,407,마포구 육아종합지원센터,서울특별시 마포구 상암산로1길 71,8,313128.21818535466,4161392.188415885
556,마포구,408,LG CNS앞,서울특별시 마포구 월드컵북로 424,20,313391.3914112762,4161406.2449667323
557,마포구,409,누리꿈스퀘어 옆,서울특별시 마포구 월드컵북로 396,25,313609.5281567491,4161244.578732428
558,마포구,410,상암중학교 옆,서울특별시 마포구 상암산로1길 26,10,313482.2016408631,4161036.1711866837
559,마포구,411,DMC홍보관,서울특별시 마포구 월드컵북로 366,9,313810.20716323826,4161084.1988950702
560,마포구,412,DMC산학협력연구센터 앞,서울특별시 마포구 매봉산로 37,20,313740.00784828694,4160842.309573344
561,마포구,413,상암월드컵파크 3단지 후문,서울특별시 마포구 매봉산로 8,9,313636.31322719186,4160364.36867108
562,마포구,414,상암동주민센터 옆,서울특별시 마포구 매봉산로2길 16,8,314075.5308006311,4161103.225213717
563,마포구,415,DMC역 9번출구 앞,서울특별시 마포구 성암로 지하184,10,314329.06669947185,4161014.1692575337
564,마포구,416,상암월드컵파크 1단지 교차로,서울특별시 마포구 월드컵북로 502-7,12,314067.14310160937,4160819.7590972306
565,마포구,417,DMC역 2번출구 옆,서울특별시 은평구 수색로 지하175,20,314548.8421215784,4160742.8062192593
566,마포구,418,월드컵경기장역 3번출구 옆,서울특별시 마포구 월드컵로 지하240,10,314455.11966030137,4160262.192542223
567,마포구,419,홈플러스 앞,서울특별시 마포구 월드컵로 240,21,314489.15451013105,4160005.9771286594
568,마포구,420,서울시 공공자전거 상암센터,서울특별시 마포구 월드컵북로47길 10,40,314196.6960897144,4159771.1673974297
569,마포구,421,마포구청 앞,서울특별시 마포구 월드컵로 212,8,314637.92388313275,4159723.217734593
570,마포구,422,문화비축기지,서울특별시 마포구 증산로 87,13,314048.7407166973,4160089.5545491776
571,마포구,427,성산시영아파트,서울특별시 마포구 월드컵북로 260,10,314879.51740019885,4160126.482024587
572,서대문구,110,사천교,서울특별시 서대문구 홍제천로 11,20,316115.37327831774,4159945.234420079
573,서대문구,115,사루비아 빌딩 앞,서울특별시 서대문구 연희로 6,15,316911.3669831145,4158898.947384033
574,서대문구,116,일진아이윌아파트 옆,서울특별시 서대문구 동교로 290,5,316921.122621613,4159521.3134772955
575,서대문구,117,홍은사거리,서울특별시 서대문구 통일로 483,25,318245.35259304714,4162447.3308414975
576,서대문구,123,문화촌 공원,서울특별시 서대문구 홍제동 277-23,20,318787.94765418296,4162787.3707083534
577,서대문구,128,신촌역(2호선) 1번출구 옆,서울특별시 서대문구 연세로 3-5,20,317717.79675883066,4158499.6323283133
578,서대문구,131,증산2교,서울특별시 서대문구 증가로 264,23,315559.04349943664,4161730.7651314274
579,서대문구,132,창천문화공원,서울특별시 서대문구 연세로5나길 19,15,317680.577546455,4158643.993460579
580,서대문구,133,해담는다리,서울특별시 서대문구 불광천길 150,15,315367.87155924446,4161497.4410615806
581,서대문구,134,연세로 명물길,서울특별시 서대문구 명물길 33,8,317877.34197405033,4158762.123511838
582,서대문구,137,NH농협 신촌지점 앞,서울특별시 서대문구 연세로2다길 58,10,318325.58843462646,4158632.401709244
583,서대문구,138,신촌동 제1공영주차장 앞,서울특별시 서대문구 증가로 264,10,317566.43986851536,4158911.60805823
584,서대문구,139,연세대 정문 건너편,서울특별시 서대문구 연세로 42,13,317563.8840835145,4158980.272186844
585,서대문구,140,이화여대 후문,서울특별시 서대문구 연세로 50-1,20,318117.0244138421,4158991.886990237
586,서대문구,141,연대 대운동장 옆,서울특별시 서대문구 연세로 50,20,317408.4606434505,4159270.8897023173
587,서대문구,158,독립문 어린이 공원,서울특별시 서대문구 영천동 259-1,15,319888.2806443538,4160202.164081833
588,서대문구,159,이대역 4번 출구,서울특별시 서대문구 대현동 60-11,7,318604.90118081076,4158641.9450787576
589,서대문구,160,북아현동 가구거리,서울특별시 서대문구 북아현동 251-78,20,319758.17040165584,4158682.9821195104
590,서대문구,161,무악재역1번 출구,서울특별시 서대문구 통일로 380-4,8,319046.2491309496,4161440.104527713
591,서대문구,162,봉원고가차도 밑,서울특별시 서대문구 대신동 143-1,15,318616.327986952,4159564.8984433957
592,서대문구,163,명지전문대학교 정문 앞,서울특별시 서대문구 홍은동 산25-3,7,316782.0672640526,4161651.1360025536
593,서대문구,164,북가좌1동 주민센터 ,서울특별시 서대문구 북가좌동 477-1,10,315442.1200874472,4160657.2677968605
594,서대문구,165,중앙근린공원,서울특별시 서대문구 북가좌동 470-1,20,315787.3896992083,4160722.863448482
595,서대문구,166,가재울 초등학교,서울특별시 서대문구 연희동 530,20,316289.5758552373,4160505.1207567723
596,서대문구,167,연가초등학교 옆,서울특별시 서대문구 북가좌동 70-119,15,316079.756142171,4161196.192816128
597,서대문구,168,남가좌동 사거리,서울특별시 서대문구 남가좌동 185-21,20,316149.8558621024,4160679.627749711
598,서대문구,169,북가좌 삼거리,서울특별시 서대문구 북가좌동 400,15,315239.75737795816,4160497.910537445
599,서대문구,170,가재울 뉴타운 주유소 옆,서울특별시 서대문구 남가좌동 124,10,316533.72524935333,4160481.398649442
600,서대문구,172,서대문소방서,서울특별시 서대문구 연희로 182,8,317706.5029349495,4160471.303815278
601,서대문구,173,서대문역 8번출구 앞,서울특별시 서대문구 충정로2가 138,8,320373.30759880244,4159472.0533094876
602,서대문구,174,명지대학교 학생회관,서울특별시 서대문구 거북골로 34,10,316640.3892943504,4161309.1153586013
603,서대문구,175,홍연2교옆,서울특별시 서대문구 홍은동 387-16,20,317285.079486637,4161015.455111951
604,서대문구,176,명지대학교 도서관,서울특별시 서대문구 거북골로 34,10,316692.76694242755,4161364.354028417
605,서대문구,177,북가좌 초등학교,서울특별시 서대문구 거북골로19길 20,8,315428.46610144177,4161012.4966251976
606,서대문구,178,증산3교 앞,서울특별시 서대문구 북가좌동 352-9,10,315128.6991423627,4161263.5256066425
607,서대문구,179,가좌역 4번출구 앞,서울특별시 서대문구 남가좌동 293-3 ,15,315848.07981302484,4160053.6330517973
608,서대문구,180,충정로역 7번출구 뒤,서울특별시 서대문구 충정로3가 56-1,10,320036.2427861111,4158945.379479321
609,서대문구,188,홍은동 정원여중 입구,서울특별시 서대문구 연희로37안길 51,10,317685.99908516323,4161929.8440257492
610,서대문구,191,정명학원,서울특별시 서대문구 응암로 66,10,315513.6904546702,4161145.7092442303
611,서대문구,192,연서어린이공원,서울특별시 서대문구 연희동 519-7,10,316586.1347054089,4160381.989339657
612,서대문구,194,증산교 앞,서울특별시 서대문구 불광천길 36,10,314823.86426261766,4160986.119770276
613,서대문구,195,모래내고가차도 ,서울특별시 서대문구 연희동 446-76,10,316110.6837702956,4159885.1669323556
614,서대문구,196,연희교차로 인근,서울특별시 서대문구 홍제천로 48,10,316821.20470417873,4159698.814456894
615,서대문구,198,충정2교,서울특별시 서대문구 충정로3가 155-4,15,320157.44627960364,4159183.7633396257
616,서대문구,3101, 서대문구청,서울특별시 서대문구 연희로 242,13,317752.03639568074,4161039.483608775
617,서대문구,3102, 연희삼거리,서울특별시 서대문구 연희로 113,10,317340.5730815227,4159892.299392566
618,서초구,2201, 본마을 정류소 앞,서울특별시 서초구 본마을2길 2,20,327654.4555427658,4146940.744346579
619,서초구,2202,청계산입구역 1번출구,서울특별시 서초구 청계산로 지하 179,20,327900.31856142444,4146453.340762658
620,서초구,2203, 청계산입구역 2번출구,서울특별시 서초구 청계산로 지하 179,20,327954.0979251218,4146310.4756687144
621,서초구,2205, 내곡3단지 어린이공원 앞,서울특별시 서초구 청계산로9길 76,15,328354.0869165013,4146978.471835061
622,서초구,2206, 언남초등학교 앞,서울특별시 서초구 헌릉로8길 42,20,328614.65933912667,4147045.0382990986
623,서초구,2207, 내곡파출소 뒤 정자,서울특별시 서초구 헌릉로 226,9,328846.16973966325,4147041.166395193
624,서초구,2210, 반포1동 주민센터 앞,서울특별시 서초구 사평대로 지하 285,15,324381.1236107766,4152761.0469543207
625,서초구,2211, 서초구립반포도서관 앞,서울특별시 서초구 고무래로 34,10,324305.2565289912,4152489.5658920654
626,서초구,2212,서초현대4차아파트 201동 맞은편,서울특별시 서초구 고무래로 94,20,324797.71135713055,4152293.23499516
627,서초구,2213, 고속터미널역 5번출구 앞,서울특별시 서초구 신반포로 지하 188,20,323415.344837405,4152463.568096783
628,서초구,2214, 신반포역 2번출구 앞,서울특별시 서초구 신반포로 지하 105,15,322998.29641501163,4152681.578925272
629,서초구,2215, 반포종합운동장 입구,서울특별시 서초구 신반포로16길 30,10,322814.57863117056,4152418.732810347
630,서초구,2219,고속터미널역 8-1번 8-2번 출구 사이,서울특별시 서초구 신반포로 지하 188,20,323573.7296844657,4152900.5839014994
631,서초구,2220, 반포본동 주민센터 앞,서울특별시 서초구 신반포로 10,10,321988.4128634886,4152314.3758182665
632,서초구,2221,하나은행 방배동지점 앞,서울특별시 서초구 방배로 110,15,322706.30953623133,4150633.546103926
633,서초구,2222,사당역 12번출구 뒤,서울특별시 동작구 동작대로 지하 3,10,321569.92559704883,4149820.590425577
634,서초구,2223, 방배래미안 정문 앞,서울특별시 서초구 남부순환로 2183,20,321643.25440949143,4149213.0088159493
635,서초구,2224, 방배경찰서 민원봉사실 앞,서울특별시 서초구 방배천로 54,15,321617.38726642367,4150177.473320416
636,서초구,2225,백석예술대학교 제3캠퍼스 앞,서울특별시 서초구 방배로9길 23,15,322728.256967137,4149317.3832363845
637,서초구,2226, 신동아럭스빌아파트 앞,서울특별시 서초구 방배로1길 9,15,323274.7779591384,4149463.7293460323
638,서초구,2227,방배열린문화센터 앞,서울특별시 서초구 서초대로 지하 103,15,322523.5529322608,4151019.4301706934
639,서초구,2228,뒷벌공원 옆,서울특별시 서초구 방배중앙로 131,20,322012.1776016562,4151089.6348753823
640,서초구,2229,로고스교회 맞은 편,서울특별시 서초구 방배천로 126,10,321850.1809501002,4150807.2483366933
641,서초구,2230,이수역 4번 출구,서울특별시 동작구 사당로 지하 310,20,321640.99544431275,4150680.4036184014
642,서초구,2231, 삼성타운(삼성생명) A동 맞은편,서울특별시 서초구 서초대로 405,15,325410.1092686456,4151831.103022871
643,서초구,2233, 서초신동아1차아파트 옆,서울특별시 서초구 효령로36길 22,20,325219.23700760433,4151191.0388970487
644,서초구,2235,KT 서초지사 앞,서울특별시 서초구 사평대로 73,15,323407.22999902663,4150235.4339820566
645,서초구,2237,서울남부터미널 대합실 입구,서울특별시 서초구 서초중앙로 지하 31,20,324488.88943599525,4150478.861181017
646,서초구,2239,교대역 6번출구,서울특별시 서초구 서초대로 지하 294,10,324415.6611890283,4151552.6449912074
647,서초구,2241,양재전화국 사거리,서울특별시 강남구 논현로 201,10,326863.32118630223,4150520.1426085588
648,서초구,2242,양재역 11번 출구 앞,서울특별시 서초구 남부순환로 지하 2585,20,326195.0024166532,4150379.996899828
649,서초구,2243,서울가정법원,서울특별시 서초구 강남대로 193,15,326414.5189683168,4150098.006562496
650,서초구,2244,교육개발원입구 교차로,서울특별시 서초구 바우뫼로1길 35,20,326599.05058741197,4149690.203341572
651,서초구,2245,양재초등학교 맞은편,서울특별시 서초구 바우뫼로18길 14,20,325846.4015814783,4149235.4664902873
652,서초구,2246, 서울시 품질시험소 앞,서울특별시 서초구 태봉로 131,15,325703.2299077424,4148748.4739376297
653,서초구,2247,섬들근린공원,서울특별시 서초구 태봉로2길 24,25,325476.77665664355,4148024.8942698985
654,서초구,2248, 서초리슈빌S 글로벌 앞,서울특별시 서초구 양재대로2길 8,10,325304.5081368635,4147730.3387394054
655,서초구,2249, 우솔초등학교 맞은편,서울특별시 서초구 양재대로2길 74,10,324818.72365553526,4147327.7027357058
656,서초구,2250, 서초유치원 맞은편,서울특별시 서초구 양재대로2길 74,10,324547.12143831514,4147285.1307183406
657,서초구,2251, 더케이호텔 입구(양재2) ,서울특별시 서초구 바우뫼로12길 70,10,326183.07291863987,4148550.3953850353
658,서초구,2252, 하이브랜드 앞,서울특별시 서초구 매헌로 16,25,326311.71251636173,4148083.255998703
659,서초구,2255,시민의숲역 1번출구 옆,서울특별시 서초구 매헌로 지하 116,25,326577.2302371297,4148867.871451778
660,서초구,2256,양재동 꽃시장 입구,서울특별시 서초구 강남대로 27,10,326703.7135521717,4148559.9679430933
661,서초구,2257, 하나로클럽 양재점 맞은편,서울특별시 서초구 청계산로 10,10,327201.0010808615,4147994.3768032202
662,서초구,2258,구룡사 삼거리,서울특별시 강남구 논현로2길 22,20,327617.4915999177,4148968.2628352395
663,서초구,2259, 잠원역 3번-4번 출구사이 ,서울특별시 서초구 잠원로4길 지하 46,15,324229.0336101889,4153640.461494488
664,서초구,2262, 한신16차아파트 119동 앞,서울특별시 서초구 나루터로4길 60,20,324097.23589391704,4154043.884867243
665,서초구,2263, 바우뫼문화복지회관,서울특별시 서초구 바우뫼로 43,20,325517.9244013323,4149055.1854634434
666,서초구,2264, 이수역 1번출구,서울특별시 서초구 동작대로 134,9,321642.7098701424,4150983.2059413344
667,서초구,2265, 이수고가차도 남단,서울특별시 서초구 동작대로 196,25,321693.045819983,4151598.240454345
668,서초구,2266, 서초역 3번출구,서울특별시 서초동 1748-14,15,323909.8906252901,4151155.1538517787
669,서초구,2268, 서초4동주민센터 ,서울특별시 서초동 1389,10,325184.63532453193,4152435.8423900953
670,서초구,2269, 주홍교 하부,서울특별시 잠원동 91-29,10,324653.74913136486,4153338.4260861133
671,서초구,2271, 내방역 8번출구 앞,서울특별시 서초구 방배로 162,8,322677.24409957987,4150884.3833375373
672,서초구,2272, 교대입구 교차로,서울특별시 서초동 1748-33,10,324116.1878025556,4150792.1179231345
673,서초구,2273, 일동제약 사거리,서울특별시 양재동 67-12,10,326542.3139306359,4149688.832419116
674,서초구,2274, 양재시민의숲역 3번출구,서울특별시 양재동 316-11,10,326642.1760066226,4148778.823105874
675,서초구,2275, 염곡치안센터 건너편,서울특별시 염곡동 260-1,10,327436.01896464,4147866.2862459617
676,서초구,2276, 영동1교 (양재천근린공원),서울특별시 양재동 261-23,15,326590.3355913035,4149305.85532618
677,서초구,2277, 길마중4교 하부,서울특별시 잠원동 84-3,10,324596.2733490473,4153841.513221131
678,서초구,2279, 교대역 5번출구뒤,서울특별시 서초구 서초중앙로 130,10,324449.35754346714,4151485.439146065
679,서초구,2281, 연세사랑병원신관앞,서울특별시 서초구 효령로 10,7,321940.7045236053,4149580.6367051126
680,서초구,2282, 방배래미안아트힐 101동앞,서울특별시 서초구 남부순환로 2311-12,15,323672.7919528567,4149679.6387532875
681,서초구,2283, 그룹한빌딩옆,서울특별시 서초구 서초대로 62,10,322220.74730828335,4150745.48167502
682,서초구,2284, CJ오쇼핑앞,서울특별시 서초구 과천대로 870-13,10,321967.90965345566,4148705.622479573
683,서초구,2286, 탑성마을입구,서울특별시 서초구 탑성말길 2,10,328055.91659970954,4147517.2272198554
684,서초구,2287, 능안마을입구,서울특별시 서초구 능안말길 1-2,10,329041.32611583057,4147171.8081174237
685,서초구,2288, 안골마을입구,서울특별시 서초구 안골2길 3,10,328807.0683109439,4147175.2872463395
686,서초구,2289, 남태령역 2번출구,서울특별시 서초구 과천대로 810,10,322111.3659923657,4148280.271833582
687,서초구,2292, 무지개아파트 앞,서울특별시 서초구 효령로 391,15,325571.43616185966,4150865.163444677
688,서초구,2293, SPC 앞,서울특별시 서초구 남부순환로 2620,10,326445.78187375376,4150464.456774928
689,서초구,2294, 두상빌딩 앞,서울특별시 서초구 언남길 87,15,327242.9354130784,4149460.794070122
690,서초구,2298, 래미안서초스위트앞,서울특별시 서초구 서운로 221,12,325126.15167356626,4152447.2849107627
691,성동구,3511, 응봉역 1번출구,서울특별시 성동구 고산자로 123,15,326432.5476905769,4157841.460889125
692,성동구,3513, 상왕십리역 1번출구,서울특별시 성동구 하왕십리동 860-1 ,10,325941.9761903102,4159334.8206776255
693,성동구,3514, 왕십리교회옆,서울특별시 성동구 상왕십리동 350-1 ,10,325459.94101192185,4159528.224782754
694,성동구,3519, 용답역 1번 출구,서울특별시 성동구 용답길 86,10,327890.2814055718,4159071.827315031
695,성동구,3522, 사근삼거리,서울특별시 성동구 사근동10길 7,9,327670.11724506237,4158925.203560798
696,성동구,506,금호 어울림 아파트 앞,서울특별시 성동구 광나루로 249,7,328432.02940033225,4157556.8984033926
697,성동구,507,성수아이에스비즈타워 앞,서울특별시 성동구 성수이로 147,7,328370.0746588808,4157462.934563944
698,성동구,508,성수아카데미타워 앞,서울특별시 성동구 성수이로 118,10,328398.0947998238,4157125.225607244
699,성동구,509,이마트 버스정류소 옆,서울특별시 성동구 뚝섬로 379,20,327950.6523091065,4156522.6107721576
700,성동구,510,서울숲 남문 버스정류소 옆,서울특별시 성동구 왕십리로11길 9,10,327177.70677792956,4156712.7214098154
701,성동구,511,서울숲역 4번 출구 옆,서울특별시 성동구 왕십리로 지하77,16,327256.9422054903,4157084.060489174
702,성동구,512,뚝섬역 1번 출구 옆,서울특별시 성동구 아차산로 18,15,327301.20168978145,4157524.8418211434
703,성동구,513,뚝섬역 5번 출구 정류소 옆,서울특별시 성동구 아차산로 18,8,327719.9847890631,4157265.9285383048
704,성동구,514,성수사거리 버스정류장 앞,서울특별시 성동구 아차산로 171,7,328904.52357515635,4156827.7100028023
705,성동구,518,청계천 박물관 앞,서울특별시 성동구 마장동 610,20,326501.85774778516,4160090.8346542483
706,성동구,519,양지사거리,서울특별시 성동구 홍익동 590,20,326010.8545571447,4159598.0230417233
707,성동구,520,상왕십리역 4번 출구 앞,서울특별시 성동구 하왕십리동 960-3,10,326039.24168959435,4159249.3015171136
708,성동구,521,왕십리역 11번 출구 앞,서울특별시 성동구 행당동 188-9,14,326440.04411979625,4158973.2644611876
709,성동구,522,금호역 1번출구 앞,서울특별시 성동구 금호동3가 1575-3,9,324776.45044509147,4157586.6283981646
710,성동구,523,옥수동성당 옆,서울특별시 성동구 옥수동 산5-148,11,324555.839037792,4157038.6781688593
711,성동구,524,래미안금호하이리버 아파트 102동 옆,서울특별시 성동구 금호동2가 1220-1,10,325547.0908648225,4157965.48177059
712,성동구,525,한양대병원사거리,서울특별시 성동구 행당동 20-2,20,326912.0009478933,4158586.531251013
713,성동구,526,용답토속공원 앞,서울특별시 성동구 용답동 224-1,10,328370.836739099,4159162.2245651768
714,성동구,529,장한평역 8번 출구 앞,서울특별시 성동구 용답동 224-3,15,328978.49923468044,4158912.121613673
715,성동구,530,청계벽산아파트 앞,서울특별시 성동구 하왕십리동 286-24,9,326058.03772675456,4159791.744616927
716,성동구,533,우리은행 금호동 지점 앞,서울특별시 성동구 금호동4가 1101,7,325187.1718689292,4157523.3525518384
717,성동구,534,금호사거리,서울특별시 성동구 금호동2가 1205-1,20,325598.05551262683,4157568.5503415787
718,성동구,535,응봉삼거리,서울특별시 성동구 응봉동 134-26,16,326305.4141697211,4158147.8412555135
719,성동구,536,행당역 2번출구 앞,서울특별시 성동구 행당동 347-11,8,325926.4027316387,4158529.217454573
720,성동구,537,한양대후문역 부근,서울특별시 성동구 행당동 10,10,327009.6403922966,4158840.2596177086
721,성동구,538,답십리역 8번출구 앞,서울특별시 성동구 용답동 102-1,15,327888.37535129057,4159631.681423193
722,성동구,550,서울시설공단 앞,서울특별시 성동구 마장동 610 ,15,326529.05962367915,4160102.920806339
723,성동구,556,달맞이공원,서울특별시 성동구 금호동4가 367-1,20,325112.23011194676,4156848.2144503156
724,성동구,557,도선동 주민센터 앞,서울특별시 성동구 무학로10길 6,10,325639.7242906835,4159677.7492180886
725,성동구,558,성동광진 교육지원청 앞,서울특별시 성동구 고산자로 260,20,326588.87638254283,4159320.830780102
726,성동구,559,왕십리역 4번 출구 건너편,서울특별시 성동구 왕십리광장로 10-1,10,326605.02764224843,4158930.85107048
727,성동구,560,비전교회 앞,서울특별시 성동구 동일로 213,8,329420.9962992235,4157774.5171960043
728,성동구,561,서울숲역 2번출구 앞,서울특별시 성동구 왕십리로 64,10,327258.2549524325,4156887.992563748
729,성동구,562,군자지하보도 앞,서울특별시 성동구 동일로 313,10,329834.88842348044,4158658.6264079344
730,성동구,563,성동세무서 건너편,서울특별시 성동구 광나루로 302,10,328867.5081940386,4157420.473674327
731,성동구,564,금호역 3번출구,서울특별시 성동구 동호로 99,15,324699.3319787397,4157509.1061540376
732,성동구,565,옥수역 3번출구,서울특별시 성동구 한림말길 56,20,324868.6132013051,4156776.752057112
733,성동구,567,성수역 2번출구 앞,서울특별시 성동구 아차산로 113,15,328359.04812033346,4157062.0924069663
734,성동구,568,청계8가사거리 부근,서울특별시 동대문구 청계천로 417,10,325459.14266787196,4160065.6417026906
735,성동구,569,응봉현대아파트 정류소,서울특별시 성동구 독서당로 381,10,325999.3228798773,4157665.4780700435
736,성동구,578,성동세무서 부근,서울특별시 성동구 광나루로 303-1,8,328809.6994432119,4157463.0711980728
737,성동구,579,마장역 4번출구,서울특별시 성동구 마장로 292-1,8,327060.60446327087,4159377.4790919567
738,성동구,580,신금호역 3번출구 뒤,서울특별시 성동구 무수막길 97,6,325118.80425380636,4158217.6061671125
739,성동구,581,용답초등학교,서울특별시 성동구 용답25길 1,13,328145.3329389114,4158889.48318092
740,성동구,582,경일중학교 앞,서울특별시 성동구 성수일로 27,10,327648.727360185,4156920.1744362004
741,성동구,583,청계천 생태교실 앞,서울특별시 성동구 마장로39길 51,20,327512.41375893645,4159675.012459993
742,성동구,585,성수2가1동 공영주차장 인근,서울특별시 성동구 성수동2가 569-3,9,328200.3537854744,4156201.514057069
743,성동구,586,마장동 주민센터,서울특별시 성동구 마장로42길 14,10,327375.6860722415,4159452.619815701
744,성동구,587,KEB하나은행 성수중앙지점,서울특별시 성동구 성수동2가 276-5,10,327968.6745847914,4157162.085903368
745,성동구,589,성수역3번출구,서울특별시 성동구 아차산로 100,8,328320.33354307665,4157015.0485828016
746,성동구,594,중랑물재생센터(서울새활용플라자),서울특별시 성동구 자동차시장길 49,15,328375.1915105579,4158590.8883823096
747,성북구,1302, 한성대입구역6번출구 뒤,서울특별시 성북구 동소문로 1,5,323977.2305016648,4162057.6415760224
748,성북구,1303, 돈암초교 입구,서울특별시 성북구 동소문로13길 38,10,324530.41938944964,4162371.17667322
749,성북구,1304, 만해공원,서울특별시 성북구 성북로 132-1,15,322754.4195307174,4162709.586690866
750,성북구,1305, 성북구청,서울특별시 성북구 보문로 168,10,324872.49477102957,4162101.4010265265
751,성북구,1306, 한성대입구역2번출구,서울특별시 성북구 동소문로 2,10,324011.45256018173,4162021.8352860995
752,성북구,1308, 안암로터리 버스정류장 앞,서울특별시 성북구 안암로 69,10,325964.2395028599,4161330.5330654443
753,성북구,1313, 정릉현대힐스테이트 1차 후문,서울특별시 성북구 정릉로27가길 28-2,10,324747.4601480616,4163649.3202287154
754,성북구,1314, 정릉꿈에그린1단지 201동 앞,서울특별시 성북구 아리랑로19길 20,10,324484.2441010444,4163565.083627857
755,성북구,1316, 고려사대부속중고 건너편 ,서울특별시 성북구 보국문로29길 23,20,323714.3254996055,4164116.729840247
756,성북구,1317, 정릉동 교통광장,서울특별시 성북구 솔샘로17길 8,10,324053.3255509852,4164721.4213864715
757,성북구,1318, 길음역 3번출구 뒤,서울특별시 성북구 동소문로 248,10,325642.25480245263,4163612.2359579895
758,성북구,1319, 종암사거리 분수대,서울특별시 성북구 종암로 147,10,326391.14063789253,4163591.847853583
759,성북구,1320, 종암 농협지점 앞,서울특별시 성북구 종암로 88,10,326534.98844763107,4163058.9842944685
760,성북구,1321, 국민은행 종암동지점 앞,서울특별시 성북구 종암로3길 37-2,15,326668.2185533388,4162503.1457435256
761,성북구,1322, 래미안라센트아파트 103동 앞,서울특별시 성북구 종암로3길 37-2,10,326909.6537363272,4163028.7261256524
762,성북구,1323, 월곡역 입구 육교 밑,서울특별시 성북구 월곡로 지하 107,10,326997.32837498875,4163289.4330559685
763,성북구,1325, 상월곡역 4번출구,서울특별시 성북구 화랑로 148,10,327674.5181009863,4163871.996526418
764,성북구,1326, 상월곡역 1번출구,서울특별시 성북구 화랑로 지하 157,10,327638.12967386673,4163901.6159172026
765,성북구,1327, 상월곡역 3번출구,서울특별시 성북구 화랑로 지하 157,10,327938.0332220638,4164036.807348664
766,성북구,1328, 월곡역 3번출구,서울특별시 성북구 월곡로 지하 107,10,327128.39009964187,4163530.252724004
767,성북구,1332, 석계역 5번출구 건너편,서울특별시 노원구 화랑로 지하 347-1,10,329312.67031577445,4164698.1748130787
768,성북구,1333, 석관초등학교 앞,서울특별시 성북구 돌곶이로22길 21,15,328750.1470099117,4164373.097698866
769,성북구,1334, 석관동주민센터 앞,서울특별시 성북구 화랑로 296,10,328889.2027357689,4164645.0809392217
770,성북구,1336, 성북3교 위,서울특별시 성북구 보문로 192,20,324662.7941933792,4162319.1974401823
771,성북구,1337, 돈암성당 옆,서울특별시 성북구 인촌로7길 120,10,324936.9478214123,4162216.9341746396
772,성북구,1338, 용문2교 옆,서울특별시 성북구 인촌로7길 24,15,325248.0829457307,4161823.7186644315
773,성북구,1339, 삼성전자서비스 성북센터,서울특별시 성북구 월계로 28,9,326429.4727459755,4164426.507503897
774,성북구,1340, 광운초등학교 앞,서울특별시 성북구 한천로 693,8,328241.5730461419,4165386.816055733
775,성북구,1342, 성북쉼터 앞,서울특별시 성북구 성북로21길 32,15,323246.57674574037,4162500.918951737
776,성북구,1343, 한성대7번출구 앞,서울특별시 성북구 동소문로 11,10,324072.67611336126,4162109.4560597013
777,성북구,1344, 아리랑시네센터 앞,서울특별시 성북구 아리랑로 82,10,324656.99268304254,4163322.529432325
778,성북구,1346, 길음8골어린이공원 옆,서울특별시 성북구 길음로13길 22,15,325255.2478378333,4164274.5774248387
779,성북구,1347, 길음래미안아파트817동 상가 앞,서울특별시 성북구 길음로 33,20,325361.38678317284,4164064.415415819
780,성북구,1348, 성북제일새마을금고 본점 앞,서울특별시 성북구 길음로 20,12,325466.9390841909,4163800.982273588
781,성북구,1349, 월계2교 버스정류장 앞,서울특별시 성북구 한천로101길 18,10,327933.5855509582,4165867.1091933814
782,성북구,1351, SK제삼주유소 앞,서울특별시 성북구 안암로 17,8,325534.5334686333,4160990.658044604
783,성북구,1352, e 편한세상 보문아파트 내,서울특별시 성북구 낙산길 255,8,324918.2702891297,4161495.6465394767
784,성북구,1353, 금호어울림센터힐 내,서울특별시 성북구 동소문로34길 73,8,325527.86955845694,4163364.3145578564
785,성북구,1357, 북한산보국문역,서울특별시 성북구 보국문로 91,20,324193.0818187884,4164640.5232445216
786,성북구,1358, 정릉도서관 앞,서울특별시 성북구 보국문로 7-10,10,324392.1302258796,4163827.912871959
787,성북구,1359, 장위뉴타운 꿈에 숲 코오롱 하늘채 앞,서울특별시 성북구 월계로 172,20,327473.8086042701,4165429.530261077
788,송파구,1201, 가락시장역 3번 출구,서울특별시 송파구 송파대로 지하 257,10,333675.1961183728,4151247.1216067863
789,송파구,1203, 밀리아나2빌딩 앞,서울특별시 송파구 송파대로28길 24,20,333859.86689738685,4151304.482592002
790,송파구,1204, 거여역 3번출구,서울특별시 송파구 오금로 지하 499,10,335990.4929519519,4151219.3552122205
791,송파구,1205, 종합운동장역 4번출구,서울특별시 송파구 올림픽로 8,15,329543.8271582477,4153245.600889233
792,송파구,1206, 9호선종합운동장역 9번출구,서울특별시 송파구 올림픽로 지하 23,20,330152.64762126585,4153327.605505244
793,송파구,1207, 마천CU우방점 앞,서울특별시 송파구 성내천로 233,10,336691.7637483935,4151917.4042667914
794,송파구,1208, 풍납현대아파트쉼터,서울특별시 송파구 풍성로14길 19,20,333866.03857190337,4155294.4643984954
795,송파구,1209, 잠실나루역 (2번 출구 쪽),서울특별시 송파구 오금로 20,20,332468.01823625737,4154298.6380888447
796,송파구,1210, 롯데월드타워(잠실역2번출구 쪽),서울특별시 송파구 올림픽로 293-19,30,332165.0831224754,4153491.6456305427
797,송파구,1211, 방이삼거리,서울특별시 송파구 석촌호수로 298,7,332765.6025866369,4153366.0968558122
798,송파구,1212, 송파역 2번 출구앞,서울특별시 송파구 송파대로 지하 354,10,333187.16219693364,4151948.886147783
799,송파구,1213, 백토공원 앞,서울특별시 송파구 양재대로72길 47-8,20,334961.6303213401,4152828.9158459227
800,송파구,1214, 오금역 7번 출구 인근,서울특별시 송파구 오금로 지하 321,10,334500.608902962,4152275.742951441
801,송파구,1215, 올림픽공원역 1번출구 앞,서울특별시 송파구 양재대로 지하 1233,15,334875.37642082246,4153819.767601526
802,송파구,1217, 송파파인타운 7단지,서울특별시 송파구 충민로4길 19,15,334619.87134142587,4149684.4755248
803,송파구,1218, 방이역 4번출구,서울특별시 송파구 양재대로 지하 1127,12,334354.87304036494,4152986.173196467
804,송파구,1220, 잠실본동주민센터뒤 잠실근린공원,서울특별시 송파구 백제고분로15길 7,15,330652.5902899097,4152697.109877919
805,송파구,1221, 삼전사거리 포스코더샵,서울특별시 송파구 백제고분로 188,10,330958.08117474103,4152525.274444457
806,송파구,1222, 잠실새내역 5번 출구 뒤,서울특별시 송파구 백제고분로 95,15,330756.4324887232,4153393.2167606372
807,송파구,1224, 아시아지하보도 2번 출구,서울특별시 송파구 올림픽로 74,15,330216.0931966943,4153424.9932782124
808,송파구,1226, 잠실4동 주민센터 옆,서울특별시 송파구 올림픽로35길 16,10,333188.7074406985,4154242.6253937795
809,송파구,1227, 거여역 8번출구 뒤,서울특별시 송파구 오금로 지하 499,10,335909.7416800546,4151196.860498344
810,송파구,1228, 마천사거리 ,서울특별시 송파구 거마로 51,10,336130.15698290814,4151700.2332728854
811,송파구,1229, 송파체육문화회관 앞,서울특별시 송파구 양산로 15,15,335842.958601841,4150927.557820925
812,송파구,1230, 송파중학교 정문,서울특별시 송파구 동남로 203,10,334745.68010716187,4151502.2922668043
813,송파구,1231, 잠실역 6번출구,서울특별시 송파구 석촌호수로12길 3-5,10,331996.6530880118,4153601.8340297313
814,송파구,1232, 롯데마트 주차장 옆,서울특별시 송파구 석촌호수로12길 3-19,10,331741.23509453936,4153385.1027000854
815,송파구,1233, 잠실3거리(갤러리아팰리스),서울특별시 송파구 석촌호수로12길 3-17,9,331488.2488309731,4153214.8401346384
816,송파구,1235, 잠실트리지움310동 옆,서울특별시 송파구 잠실로 62,15,331021.33781810105,4152983.437232813
817,송파구,1239, 문정 법조단지3,서울특별시 송파구 정의로 30,20,333600.5246201618,4149879.2888139086
818,송파구,1240, 문정 법조단지4,서울특별시 송파구 새말로 62,10,333649.1852491355,4149848.6784045016
819,송파구,1241, 문정 법조단지5,서울특별시 송파구 새말로 62,15,333759.3296193676,4149920.0719830724
820,송파구,1242, 문정 법조단지6,서울특별시 송파구 법원로 101,15,333756.4409660049,4150014.592576783
821,송파구,1243, 문정 법조단지7,서울특별시 송파구 법원로 101,20,333798.9884728064,4150284.6991601666
822,송파구,1244, 문정 법조단지8,서울특별시 송파구 법원로 101,7,333965.7534393916,4149949.0297090607
823,송파구,1245, 문정 법조단지9,서울특별시 송파구 법원로 101,10,334244.4858352188,4149713.4775503357
824,송파구,1246, 문정 법조단지10,서울특별시 송파구 송파대로 지하 82,30,334328.5924576785,4149494.6834915937
825,송파구,1247, 문정 법조단지11,서울특별시 송파구 법원로 101,15,334082.47846797016,4149645.2204281394
826,송파구,1248, 방이초등학교,서울특별시 송파구 위례성대로 114,20,333997.7864878035,4153547.642720907
827,송파구,1249, 아주중학교건너편,서울특별시 송파구 도곡로 446,10,330060.6112389915,4152683.7676689355
828,송파구,1250,문정2동 주민센터,서울특별시 송파구 중대로 16,10,332978.7929802092,4150913.4135746234
829,송파구,1251, 석촌역 2번출구,서울특별시 송파구 송파동 68 ,10,332749.17445806856,4152681.3137054676
830,송파구,1253, 오금역 3번 출구 뒤,서울특별시  송파구 가락동 10-15 ,10,334545.7345727922,4152170.281038005
831,송파구,1256, 문정현대아파트 교차로,서울특별시 송파구 문정동 3-2 ,8,334312.7958913626,4151007.0654726136
832,송파구,1257, 가락시장역 롯데마트앞,서울특별시 송파구 가락동 214-15 ,20,333602.6033284025,4151128.8016134617
833,송파구,1258, 가락미륭아파트 앞,서울특별시 서울 송파구 가락동 195-4,10,334599.3046773175,4151230.8050189475
834,송파구,1259, 방이역 1번출구,서울특별시 송파구 오금동 17-20,15,334421.73262665444,4152986.617393086
835,송파구,1260, 방이동 한양3차아파트 옆,서울특별시 송파구 방이동 225-1,8,333956.50552573055,4152698.186861638
836,송파구,1262, 송파여성문화회관 앞,서울특별시 송파구 송파동 2-3 ,10,332922.84725406196,4152663.3916544635
837,송파구,1263, 장지공영차고지,서울특별시 송파구 장지동 861-6,10,335280.3788682858,4149812.3483402682
838,송파구,1264, 천호역 10번 출구 앞,서울특별시 송파구 풍납동 490-16,8,334152.1123235056,4156277.4522864525
839,송파구,1265, 문정동 근린공원,서울특별시 송파구 문정동 38-3,10,334212.74926011096,4150456.046485594
840,송파구,1267, 올림픽공원 남2문 앞,서울특별시 송파구 올림픽로 424,15,334121.7888952949,4153576.025977572
841,송파구,1269, 리센츠아파트 ,서울특별시 송파구 올림픽로 135,10,331301.26377551386,4153377.9240666647
842,송파구,1271, 송파도서관,서울특별시 송파구 동남로 263,15,335179.43566495384,4151972.6575841196
843,송파구,1274, 영파여고 앞,서울특별시 송파구 올림픽로 565,20,333984.3293889664,4155644.3124326193
844,송파구,1275, 거여초등학교 옆,서울특별시 송파구 마천로25길 18,15,335540.9379184616,4152476.5513511524
845,송파구,1277, 오금동 송파 참병원,서울특별시 송파구 마천로 164,8,335338.18380698015,4152388.210631282
846,송파구,1279, 마천금호어울림 1차아파트 건너편,서울특별시 송파구 성내천로39길 4,10,336879.078034644,4151665.1984844445
847,양천구,700,KB국민은행 염창역 지점 앞,서울특별시 양천구 목동 559,20,312080.47953128355,4157665.2592942547
848,양천구,701,목동사거리 부근,서울특별시 양천구 목동 813,8,311263.8635687756,4156124.4979782896
849,양천구,702,목4동주민센터 옆,서울특별시 양천구 목동 904-3,16,311687.2842872999,4156086.0220997557
850,양천구,703,오목교역 7번출구 앞,서울특별시 양천구 목동 451,12,312271.4276340902,4155131.352071029
851,양천구,704,남부법원검찰청 교차로,서울특별시 양천구 신정동 1095,15,311326.0466607212,4155062.950852104
852,양천구,706,신정네거리역,서울특별시 양천구 신월동 894,15,310160.1203097728,4154937.0760188503
853,양천구,707,신정3동주민센터,서울특별시 양천구 중앙로 209,10,310420.9655628009,4154184.504319595
854,양천구,708,서울출입국관리사무소 앞,서울특별시 양천구 신정동 319-3,16,311762.3856362348,4154577.4445491056
855,양천구,709,신정3동 현장민원실 앞,서울특별시 양천구 신정동 760-2,20,309233.0343601117,4153815.2269739187
856,양천구,710,서부화물트럭터미널 사거리,서울특별시 양천구 신정동 759-2,12,309317.03446253034,4153710.382408868
857,양천구,711,신일해피트리아파트 앞,서울특별시 양천구 신월동 1063-4,20,309859.31545384694,4154408.6083568796
858,양천구,712,강월초교입구 사거리,서울특별시 양천구 신월동 905,14,308960.2714005436,4154422.45416432
859,양천구,713,양서중학교 옆,서울특별시 양천구 신월동 790,20,308262.28707174666,4156220.335399164
860,양천구,714,한국SGI 양천문화회관 앞,서울특별시 양천구 신월동 790,10,308335.85412335466,4156163.1259194855
861,양천구,716,정6동 주민센터 인근,서울특별시 양천구 목동서로 355,15,311260.4407727426,4154401.3163144793
862,양천구,719,홍익병원앞 교차로,서울특별시 양천구 등촌로 2,10,311286.7120284149,4155853.754764648
863,양천구,720,서울강월초등학교 앞,서울특별시 양천구 신월로 97,10,308656.1201140907,4154340.5224539554
864,양천구,722,LG전자베스트샵 신정점 ,서울특별시 양천구 신월로 328,10,310656.6626953564,4154876.231031824
865,양천구,723,SBS방송국,서울특별시 양천구 목동서로161,15,312034.03511279926,4155702.920475132
866,양천구,724,계남공원 입구 주출입구 좌측,서울특별시 양천구 신정동 621-14,15,310630.80040091753,4153682.9029220757
867,양천구,725,양강중학교앞 교차로,서울특별시 양천구 남부순환로88길5-16,15,310059.84432595683,4155211.7031234317
868,양천구,729,서부식자재마트 건너편,서울특별시 양천구 신정동 236 ,10,311460.85367082275,4153630.6178250965
869,양천구,731,서울시 도로환경관리센터,서울특별시 양천구 목동동로 316-6,10,312370.9870355077,4155777.1244808324
870,양천구,732,신월동 이마트,서울특별시 양천구 화곡로 59,10,308132.6249161999,4156945.4250215106
871,양천구,733,신정이펜하우스314동,서울특별시 양천구 신정이펜1로50 ,10,308306.12798573036,4154115.6622715783
872,양천구,734,신트리공원 입구,서울특별시 양천구 신정동 310-8 ,10,310520.3568656952,4154048.346657587
873,양천구,736,오솔길공원,서울특별시 양천구 남부순환로70길11-9,10,308830.5164807283,4155001.865920386
874,양천구,739,신월사거리,서울특별시 양천구 신월동 263,15,308079.58902791754,4156574.7224142817
875,양천구,740,으뜸공원,서울특별시 양천구 가로공원로 133,10,308425.8752192125,4156585.3789795884
876,양천구,741,화곡로 입구 교차로,서울특별시 양천구 신월동 258,10,307876.38984199136,4156947.907811446
877,양천구,742,등촌역 5번 출구 뒤,서울특별시 양천구 등촌로 236,10,311366.32778627385,4158112.6606890364
878,양천구,743,현대6차아파트 101동 옆,서울특별시 양천구 신정동 735-5,10,309325.37711156486,4153515.0148440916
879,양천구,744,신목동역 2번 출구,서울특별시 양천구 목동중앙로 212 앞,10,312936.41411133914,4157312.203772889
880,양천구,745,강서초등학교,서울특별시 양천구 오목로 31 부근,10,309095.8035336293,4155005.9806210636
881,양천구,746,목동2단지 상가,서울특별시  양천구 목동 902-5 ,10,312494.1032703747,4156507.407038126
882,양천구,747,목동3단지 상가,서울특별시 양천구 목동 903-6,10,312303.80737992196,4156298.214580638
883,양천구,748,목동운동장,서울특별시 양천구 안양천로 939,15,312615.9451862932,4155810.562981855
884,영등포구,200,국회의원회관,서울특별시 영등포구 의사당대로 1,20,315760.10933022207,4155571.153514237
885,영등포구,201,진미파라곤 앞,서울특별시 영등포구 국회대로76길 10,15,316332.55368874513,4155837.2398686404
886,영등포구,202,국민일보 앞,서울특별시 영등포구 여의공원로 101,15,316609.13178523845,4155562.136707196
887,영등포구,203,국회의사당역 3번출구 옆,서울특별시 영등포구 국회대로 지하758,15,316092.15146296716,4155489.303966788
888,영등포구,204,국회의사당역 5번출구 옆,서울특별시 영등포구 의사당대로 8,13,315944.12599853764,4155504.4609898035
889,영등포구,205,산업은행 앞,서울특별시 영등포구 의사당대로 97,20,316247.52786318463,4155286.8132623024
890,영등포구,206,KBS 앞,서울특별시 영등포구 여의공원로 13,20,316023.81461952557,4155114.359688525
891,영등포구,207,여의나루역 1번출구 앞,서울특별시 영등포구 여의동로 지하343,40,317273.46553796006,4155344.6719641834
892,영등포구,209,유진투자증권빌딩 앞,서울특별시 영등포구 국제금융로 24,12,316890.8289679226,4155089.211783304
893,영등포구,210,IFC몰,서울특별시 영등포구 국제금융로 10,12,316691.3886969007,4155255.026916591
894,영등포구,211,여의도역 4번출구 옆,서울특별시 영등포구 국회대로68길 7,13,316602.45171174244,4154830.90982649
895,영등포구,212,여의도역 1번출구 옆,서울특별시 영등포구 의사당대로 88,35,316496.4843264681,4154737.109363504
896,영등포구,213,KT앞,서울특별시 영등포구 여의대로 38,15,316099.3195754845,4154806.504622051
897,영등포구,214,금융감독원 앞,서울특별시 영등포구 여의대로 38,20,316268.55968897307,4154926.4329804177
898,영등포구,215,여의도고교 앞,서울특별시 영등포구 국제금융로7길 37,10,317516.3727558217,4155100.427737641
899,영등포구,216,삼부아파트1동 앞,서울특별시 영등포구 국제금융로7길 27,10,317335.71915078675,4154954.970560868
900,영등포구,217,NH농협은행 앞,서울특별시 영등포구 국제금융로8길 2,10,317108.4990490653,4154803.2147476897
901,영등포구,218,증권거래소 앞,서울특별시 영등포구 여의나루로 76,20,317011.5582256452,4154938.3458907097
902,영등포구,219,롯데캐슬엠파이어 옆,서울특별시 영등포구 의사당대로 127,12,316704.5774914384,4154658.4689037483
903,영등포구,220,미성아파트 A동 앞,서울특별시 영등포구 의사당대로 110,30,316720.1427960122,4154510.2523551057
904,영등포구,221,여의도초교 앞,서울특별시 영등포구 여의대방로 439,10,317765.98680810176,4154854.9342969833
905,영등포구,222,시범아파트버스정류장 옆,서울특별시 영등포구 63로 45,12,317856.56042571453,4154586.068153712
906,영등포구,223,진주아파트상가 앞,서울특별시 영등포구 국제금융로 108-6,20,317349.2167411318,4154490.962246875
907,영등포구,224,롯데캐슬 앞,서울특별시 영등포구 국제금융로 86,20,317280.22255892365,4154578.404949913
908,영등포구,225,앙카라공원 앞,서울특별시 영등포구 의사당대로 지하166,26,316998.5334790999,4154282.6408547587
909,영등포구,226,샛강역 1번출구 앞,서울특별시 영등포구 의사당대로 지하166,20,316925.2607872166,4154328.3278705487
910,영등포구,227,양평2나들목 보행통로 입구,서울특별시 영등포구 양화동 17-4,10,313452.15864822,4157392.0795325898
911,영등포구,228,선유도역 3번출구 앞,서울특별시 영등포구 양평동4가 202-1,10,313980.01407076,4156691.2546248743
912,영등포구,229,양평1 보행육교 앞,서울특별시 영등포구 양평동4가 20-4,20,313767.9625970409,4156408.8020847635
913,영등포구,230,영등포구청역 1번출구,서울특별시 영등포구 당산로 111-2,10,314096.69151402864,4155153.8141263807
914,영등포구,231,남부고용노동지청 남측,서울특별시 영등포구 양평동1가 115-2,10,313708.0439096469,4155148.197882711
915,영등포구,232,양평우림 이비즈센타 앞,서울특별시 영등포구 양평동3가 14-1,20,313356.85821581737,4155283.0849798466
916,영등포구,233,YP 센터 앞,서울특별시 영등포구 양평동3가 60-1,10,313702.39804199943,4155590.4001112613
917,영등포구,234,영등포구민체육센터 앞,서울특별시 영등포구 신길동 399 ,10,314887.9433148694,4152452.5276020914
918,영등포구,235,신길동 우리은행 옆,서울특별시 영등포구 신길동 250-4 ,10,315285.89202808996,4152899.2912463597
919,영등포구,236,문래동자이아파트 앞,서울특별시 영등포구 문래동3가 68-1,10,313934.04411245754,4154216.0208291067
920,영등포구,237,보라매 두산위브 건너편,서울특별시 영등포구 신길동 4490 ,20,315670.0738426555,4151996.7504154295
921,영등포구,238,제2구민체육센타 앞,서울특별시 영등포구 당산동4가 96-2,10,314678.9193293934,4155335.1990858535
922,영등포구,239,유스호스텔 앞,서울특별시 영등포구 영등포동7가 58-2,20,314724.0828448408,4155274.9083427936
923,영등포구,240,문래역 4번출구 앞,서울특별시 영등포구 문래동3가 55-12 ,10,314025.39758917526,4154500.7357259053
924,영등포구,241,신길우성1차아파트 앞 공원,서울특별시 영등포구 도림동 255-2 ,10,314249.08200964896,4153007.0959189213
925,영등포구,242,신길선원가와인아파트 앞,서울특별시 영등포구 신길동 215-28 ,15,315300.881372659,4153605.8023142605
926,영등포구,243,이앤씨드림타워 앞,서울특별시 영등포구 양평동3가 48-1,15,313675.3085731794,4155435.1376252435
927,영등포구,244,영등포삼환아파트 앞,서울특별시 영등포구 영등포동8가 82-4 ,20,314948.9287370901,4155739.168250142
928,영등포구,245,삼성생명 당산사옥 앞,서울특별시 영등포구 당산동4가 35-24 ,10,314142.10885869083,4155555.5718283528
929,영등포구,247,당산역 10번출구 앞,서울특별시 영등포구 당산동5가 14-4,19,314639.64518866944,4156146.727287304
930,영등포구,248,초원아파트 앞,서울특별시 영등포구 여의도동8-13,10,316586.3386042821,4155811.2052956526
931,영등포구,249,여의도중학교 옆,서울특별시 영등포구 여의도동 8,8,317659.56294679386,4155017.6860747486
932,영등포구,250,대림아파트 사거리,서울특별시 영등포구 신길동 249,10,316429.0999648018,4153215.346462958
933,영등포구,251,서울지방병무청 버스정류장,서울특별시 영등포구 신길동853,10,316321.5862156309,4152868.3538957844
934,영등포구,252,보라매역4번출구,서울특별시 영등포구 신길동4884,10,316141.2182723705,4152370.8809801284
935,영등포구,253,신풍역 5번출구 인근,서울특별시 영등포구 신길동3596,10,315212.75961313484,4152465.9525274644
936,영등포구,254,도림신협 앞,서울특별시 영등포구 신길동263-76,10,314681.6468039687,4152828.030849397
937,영등포구,255,도림4거리,서울특별시 영등포구 신길동373-1,10,314486.2434039833,4153139.9065193157
938,영등포구,256,동아에코빌입구,서울특별시 영등포구 도림동 159-70,10,314331.5812619538,4153465.6431260826
939,영등포구,257,신길삼거리(우리은행),서울특별시 영등포구 신길동95-256,10,316115.2271029261,4153910.916545262
940,영등포구,258,신길역3번출구,서울특별시 영등포구 영등포동1가35,14,315677.6277573403,4154347.9124429617
941,영등포구,259,대방역6번출구,서울특별시 영등포구 신길동1368,17,316695.9442402067,4153870.1134397304
942,영등포구,262,영문초등학교 사거리,서울특별시 영등포구 문래로 56,12,313463.3255357661,4154645.4453896326
943,영등포구,263,근로자회관 사거리,서울특별시 영등포구 선유로 34,12,313407.1779606228,4154338.4074019636
944,영등포구,264,교보생명보험 앞,서울특별시 영등포구 영등포로 96,15,313683.43129418703,4154862.877298286
945,영등포구,265,영등포유통상가 사거리,서울특별시 영등포구 영등포로 124,15,314116.3672871876,4154764.5885777585
946,영등포구,266,영등포청과시장 사거리,서울특별시 영등포구 영등포로 177,10,314517.24199528195,4154679.4725639913
947,영등포구,267,삼성화재 사옥 옆,서울특별시 영등포구 양평로 76,10,314308.87578539853,4156406.4599778373
948,영등포구,268,그랜드컨벤션센터 앞,서울특별시 영등포구 양평로 58,10,314456.18848229223,4156265.1721062916
949,영등포구,270,증권거래소후문교차로,서울특별시 영등포구 여의나루로 76,10,316820.4987523776,4154838.866918388
950,영등포구,271,샛강생태공원방문자센터 앞,서울특별시 영등포구 여의동로 48,10,316327.4511677404,4154474.5159342466
951,영등포구,272,당산육갑문,서울특별시 영등포구 당산로52길 3,20,314782.6416062721,4156326.8276330982
952,영등포구,274,영등포역지하쇼핑센타 5번출구,서울특별시 영등포구 경인로 846,10,315117.4376651419,4154244.6759943687
953,영등포구,275,신동아아파트,서울특별시 영등포구 선유서로 76,10,313158.3653489438,4154972.9189853435
954,영등포구,276,SK 영등포주유소,서울특별시 영등포구 경인로112길 1,10,315532.10000265273,4154416.7523519527
955,영등포구,277,영등포뉴타운지하상가 2번게이트,서울특별시 영등포구 영중로 22,10,314876.4969504392,4154635.047659759
956,영등포구,278,쌍용플레티넘오피스텔,서울특별시 영등포구 도영로 18,10,313968.2447775778,4153302.243385303
957,영등포구,279,영등포 푸르지오 아파트,서울특별시 영등포구 도신로29길 28,15,314797.41671311617,4153871.899837403
958,용산구,800,목월공원 앞,서울특별시 용산구 원효로4가 109-10,15,319287.7267645634,4155904.9747650293
959,용산구,802,한강진역 2번 출구 앞,서울특별시 용산구 한남동 726-494,10,323503.1193340168,4156782.3509212276
960,용산구,803,한남초교 앞 보도육교,서울특별시 용산구 한남동 725-17,10,323662.4796411685,4156444.3783682287
961,용산구,805,문배어린이공원 앞,서울특별시 용산구 문배동 34-10,9,320646.4725528338,4156355.656975196
962,용산구,806,전자랜드 본관 앞,서울특별시 용산구 한강로3가 16-8,20,319818.5653311979,4155963.7145289383
963,용산구,807,서울역 12번 출구 앞,서울특별시 용산구 동자동 14-229,10,320920.9558138613,4158072.54673488
964,용산구,808,서빙고동 금호맨션 앞,서울특별시 용산구 서빙고동 235-5,10,322351.8908011434,4154514.6184197883
965,용산구,809,한남 유수지 복개주차장,서울특별시 용산구 독서당로 18,10,323939.02609394665,4155553.5345286913
966,용산구,810,이태원지하보도,서울특별시 용산구 용산동2가 5-1812,10,322121.4331765664,4156507.3272285135
967,용산구,811,녹사평역1번출구,서울특별시 용산구 용산동2가 6-7,20,322001.5632687765,4156140.2251949976
968,용산구,812,용산전쟁기념관,서울특별시 용산구 용산동1가 8-4,20,321318.7398999819,4156128.2438922026
969,용산구,813,삼각지역 3번출구,서울특별시 용산구 한강로1가 228-1,20,320839.63643110136,4155991.139505971
970,용산구,815,LIG강촌아파트 103동앞,서울특별시 용산구 이촌동301-5,20,321380.25400065247,4154313.9770821026
971,용산구,816,신용산역 6번출구 앞,서울특별시 용산구 한강대로 115,10,320496.49021198845,4155625.099793056
972,용산구,817,삼각지역 4번출구 앞,서울특별시 용산구 한강대로 161,9,320791.5965889158,4155985.404063862
973,용산구,818,숙명여대 입구 교차로,서울특별시 용산구 청파로47길 100,15,320611.37169199623,4157259.730308346
974,용산구,819,선린인터넷 고등학교,서울특별시 용산구 원효로97길 33-4,12,320702.7341249286,4156897.851757409
975,용산구,820,청파동입구 교차로,서울특별시 용산구 한강대로 349,10,320847.7968464106,4157713.2211323497
976,용산구,822,이촌1동 마을공원,서울특별시 용산구 이촌로 219,10,320215.45313314465,4154731.1924961293
977,용산구,823,효창동주민센터 앞,서울특별시 용산구 효창원로 161,10,319949.3419673766,4156988.199957585
978,용산구,825,서빙고동 주민센터 앞,서울특별시 용산구 서빙고로 279,15,322751.4128715568,4154487.437315175
979,용산구,826,서울역 서부교차로2,서울특별시 용산구 만리재로 202,20,320571.1099329267,4158423.1339486055
980,용산구,827,국군복지단,서울특별시 용산구 두텁바위로 54-99,20,321512.1801419271,4156906.168049225
981,용산구,828,숙대입구역 8번,서울특별시 용산구 한강대로 289,7,320840.6338294576,4157164.1932156966
982,용산구,829,베르가모앞,서울특별시 용산구 한강대로 23,20,319879.1013219365,4154837.167645324
983,용산구,830,청암자이아파트앞,서울특별시 용산구 원효로 35,10,318747.14967820875,4156137.783242446
984,용산구,832,이촌1동 주민센터 뒤,서울특별시 용산구 이촌로71길 24,15,320915.54047224426,4154631.8162356485
985,용산구,834,효창공원앞역 3번출구 뒤,서울특별시 용산구 백범로 지하 287,15,319890.12770094594,4156621.9172768467
986,용산구,836,현대자동차서비스 앞,서울특별시 용산구 원효로 74,15,318998.79810017184,4155799.03018446
987,은평구,900,은평예술회관,서울특별시 은평구 녹번동 85-4,20,317072.8212724926,4163892.258800331
988,은평구,901,응암1동사무소,서울특별시 은평구 응암동 84-14,10,317000.2183059696,4163564.3624518784
989,은평구,902,진관동 은빛초등학교,서울특별시 은평구 진관동 45-21,10,316332.78409734124,4168256.6672299164
990,은평구,903,은평뉴타운 아이파크,서울특별시 은평구 진관동 13-20,20,317148.6724321358,4168544.7825484816
991,은평구,904,은평뉴타운 푸르지오,서울특별시 은평구 진관동 5-8,18,317447.6871344952,4168849.9170990656
992,은평구,905,구파발역 2번출구,서울특별시 은평구 진관동 86-31,11,316384.5056133411,4167492.376660922
993,은평구,906,연신내역 5번출구150M 아래,서울특별시 은평구 대조동 207-8,10,316388.870579313,4165380.265405926
994,은평구,907,CJ 드림시티,서울특별시 은평구 역촌동 43-11,10,316105.40603776363,4163419.4228999517
995,은평구,908,구산역 4번출구,서울특별시 은평구 갈현동 536-8,10,316182.3015678293,4164938.1104119765
996,은평구,909,백련산 힐스테이트 3차,서울특별시 은평구 응암동 761-9,10,316606.2159244941,4162020.9372550966
997,은평구,911,은평평화공원(역촌역4번출구),서울특별시 은평구 녹번동 153-31,10,316656.5365337851,4164083.5298283314
998,은평구,912,응암오거리,서울특별시 은평구 응암동 604-5,10,316088.61839926377,4162328.488644089
999,은평구,913,이마트 은평점,서울특별시 은평구 응암동 90-15,15,316396.7262916849,4163547.1833378547
1000,은평구,914,새절역 2번출구,서울특별시 은평구 응암동 610-3,20,315800.47324051894,4162461.0033823955
1001,은평구,915,증산역 4번출구,서울특별시 은평구 증산동 199-8,10,315453.15355066676,4161756.4353518393
1002,은평구,916,평생학습관 앞,서울특별시 은평구 역촌동 15-40,7,316520.0625608243,4164338.117859227
1003,은평구,917,녹번역 4번출구,서울특별시 은평구 녹번동 55,9,317741.9914214575,4163583.9822248104
1004,은평구,919,서울혁신파크,서울특별시 은평구 녹번동 15-2,10,317506.9841186048,4164327.307454062
1005,은평구,921,신도고등학교,서울특별시 은평구 진관동 242-14,10,316371.8446184442,4166802.3441585177
1006,은평구,922,연신내역 4번출구,서울특별시 은평구 대조동 227-2,10,316601.10629354493,4165441.284925141
1007,은평구,923,국민은행 연서지점,서울특별시 은평구 불광동 355,10,316932.67466758797,4165783.321182855
1008,은평구,924,메뚜기다리,서울특별시 은평구 진관동 161-9,15,317299.4026551676,4166615.402460901
1009,은평구,925,불광역 2번출구,서울특별시 은평구 불광동 285-43,8,317376.23098979285,4164509.8149625366
1010,은평구,926,불광역 8번출구,서울특별시 은평구 불광동 276-6,8,317264.3621480764,4164691.3531870823
1011,은평구,927,연신내역 3번출구 인근,서울특별시 은평구 불광동 304-5,10,316650.31238266523,4165446.079221273
1012,은평구,928,은평역사한옥박물관,서울특별시 은평구 진관동 133-29,15,318077.33305485593,4168019.0673382054
1013,은평구,930,구 서부경찰서 건너편,서울특별시 은평구 역촌동 41-7,7,316414.54159013595,4163653.5877791136
1014,은평구,931,역촌파출소,서울특별시 은평구 역촌동 45-34,10,315983.69391431357,4164004.415575973
1015,은평구,932,예일여중,서울특별시 은평구 연서로 117,10,316090.2506048862,4164586.8935997975
1016,은평구,933,LG서비스 역촌점,서울특별시 은평구 서오릉로 163,10,315962.36346755724,4164865.0598274143
1017,은평구,934,신사동 성당,서울특별시 은평구 신사동 41-3,15,315458.3648244688,4163172.914337894
1018,은평구,935,역촌역 1번 출구,서울특별시 은평구 역촌동 17-55,7,316582.945735301,4164042.8610278657
1019,은평구,937,상림마을 롯데캐슬2단지 옆,서울특별시 은평구 진관동 30-23,15,316831.6156067131,4168550.1315620188
1020,은평구,939,은평구청 교차로,서울특별시 응암동 82-31,15,317043.13589972863,4163643.902271547
1021,은평구,941,은평뉴타운 도서관,서울특별시 진관동 141-27,13,317684.378207629,4167577.5404061996
1022,은평구,942,상림마을 생태공원,서울특별시 진관동 16-4,15,317311.2345067768,4168343.0236399025
1023,은평구,943,은평구청 보건소,서울특별시 녹번동 84,10,317153.26886110916,4163719.405241445
1024,은평구,945,기자촌 사거리,서울특별시 은평구 진관동 149-17,10,317556.9120595682,4167233.9746177825
1025,은평구,947,연신내 선일하이츠빌 정류소,서울특별시 불광동 484-165,10,316438.6659101618,4165985.210007329
1026,은평구,948,디지털미디어 시티역 4번출구,서울특별시 증산동 239,10,314769.0035608803,4160974.6888575386
1027,은평구,949,연신내역 1번 출구 ,서울특별시 불광동 487-2,7,316503.5841850521,4165663.150340775
1028,은평구,950,구산역 2번 출구 ,서울특별시 역촌동 1-57,7,316176.3737601099,4164671.02097493
1029,은평구,952,서울연신중학교,서울특별시 불광동 400-4번지,10,316902.51482618507,4165972.8295370955
1030,은평구,953,서울연신초등학교,서울특별시 불광동 73-1번지 ,10,317225.35491859005,4166312.9595216126
1031,은평구,954,은평뉴타운구파발9단지,서울특별시 은평구 진관3로 77,10,316618.9414715897,4168194.9210925153
1032,은평구,956,응암시장교차로,서울특별시 은평구 응암로 248,9,316207.3275014172,4162849.304797716
1033,종로구,301,경복궁역 7번출구 앞,서울특별시 종로구 사직로 지하130,16,320868.1124003902,4160684.393386016
1034,종로구,302,경복궁역 4번출구 뒤,서울특별시 종로구 사직로 지하130,12,321098.89233673457,4160696.396991024
1035,종로구,303,광화문역 1번출구 앞,서울특별시 종로구 세종대로 지하189,8,321164.9352794999,4160227.0504716295
1036,종로구,304,광화문역 2번출구 앞,서울특별시 종로구 세종대로 지하172,7,321394.51576774515,4160305.9188815868
1037,종로구,305,종로구청 옆,서울특별시 종로구 삼봉로 43,16,321470.1669101864,4160314.83647357
1038,종로구,306,광화문역 7번출구 앞,서울특별시 종로구 세종대로 지하172,9,321296.1774854548,4160121.6454995307
1039,종로구,307,서울역사박물관 앞,서울특별시 종로구 새문안로 55,11,320823.2258305378,4160042.1490692175
1040,종로구,308,광화문 S타워 앞,서울특별시 종로구 새문안로 82,10,321073.8089277778,4160033.2987794504
1041,종로구,309,광화문역 6번출구 옆,서울특별시 종로구 세종대로 지하172,13,321296.0120028559,4160019.6277687955
1042,종로구,314,국립현대미술관,서울특별시 종로구 삼청로 30,10,321708.22829152335,4161100.795727555
1043,종로구,316,종각역 1번출구 앞,서울특별시 종로구 종로 47,12,321768.24119004037,4160065.751522651
1044,종로구,326,안국역 5번출구 앞,서울특별시 종로구 율곡로 지하62,20,322168.1993445781,4160706.037061855
1045,종로구,327,낙원상가 옆,서울특별시 종로구 삼일대로 428,10,322276.5920887794,4160383.5528642708
1046,종로구,328,탑골공원 앞,서울특별시 종로구 종로 99,11,322333.58496942744,4160053.6235148073
1047,종로구,329,청계2가 사거리 옆,서울특별시 종로구 청계천로 93,8,322302.3878509787,4159826.493951126
1048,종로구,334,종로3가역 2번출구 뒤,서울특별시 종로구 종로 지하129,10,322652.11082315154,4160069.342841497
1049,종로구,335,종로3가역 15번출구 앞,서울특별시 종로구 종로 지하129,10,322603.9959295901,4160025.855721677
1050,종로구,337,창경궁 입구,서울특별시 종로구 창경궁로 185,5,323085.6413540481,4160990.366556605
1051,종로구,338,세운스퀘어 앞,서울특별시 종로구 창경궁로 109,18,323123.97266436846,4160099.010117501
1052,종로구,339,종로4가 사거리,서울특별시 종로구 종로 185,10,323218.5612662252,4160109.3160259575
1053,종로구,340,혜화동 로터리,서울특별시 종로구 창경궁로 271-1,8,323472.6105971759,4161720.3493406842
1054,종로구,341,혜화역 3번출구 뒤,서울특별시 종로구 대학로 지하120,10,323560.6893179603,4161267.877061059
1055,종로구,342,대학로 마로니에공원,서울특별시 종로구 대학로 104,10,323622.5281556196,4161068.2943616267
1056,종로구,343,예일빌딩(율곡로) 앞,서울특별시 종로구 율곡로 238,12,323828.5405628294,4160580.792652727
1057,종로구,344,성균관대 E하우스 앞,서울특별시 종로구 율곡로 259,10,323978.83271945134,4160422.629615943
1058,종로구,345,서울보증보험본사 앞,서울특별시 종로구 김상옥로 29,15,323446.23975597706,4160353.022169389
1059,종로구,348,독립문역 사거리,서울특별시 종로구 교북동 10-1,14,319917.0733975346,4160287.020076496
1060,종로구,349,사직동주민센터,서울특별시 종로구 사직로9길 5,7,320616.73446806055,4160749.5523446323
1061,종로구,351,청운초교 앞 삼거리,서울특별시 종로구 청운동 108-22,8,320816.8992725628,4161716.264346125
1062,종로구,352,중앙고입구 삼거리,서울특별시 종로구 창덕궁길 191,15,322103.766252182,4161503.9368511834
1063,종로구,353,재동초교 앞 삼거리,서울특별시 종로구 재동 19,8,322068.566714681,4161057.531771471
1064,종로구,354,포르투갈 대사관 앞,서울특별시 종로구 창덕궁1길 3,10,322422.4031076929,4161024.0810035295
1065,종로구,355,서울사대부속초교 앞,서울특별시 종로구 연건동 178-3,15,323608.0847256674,4160704.9270758764
1066,종로구,356,KT혜화지사 앞,서울특별시 종로구 대학로 65,15,323574.52786431985,4160776.3553613233
1067,종로구,358,성대입구 사거리,서울특별시 종로구 창경궁로 234,13,323275.8886322434,4161377.1834407127
1068,종로구,359,원남동사거리,서울특별시 종로구 율곡로 169,8,323185.24089961615,4160664.3090639245
1069,종로구,361,동묘앞역 1번출구 뒤,서울특별시 종로구 숭인동 81-39,10,324788.24688705406,4160317.348681966
1070,종로구,362,청계8가 사거리,서울특별시 종로구 청계천로 407,10,325386.25007749395,4160191.7293324885
1071,종로구,363,신설동역 11번출구 뒤,서울특별시 종로구 숭인동 1311,10,325405.9909897465,4160583.8461924135
1072,종로구,364,창신역 1번출구 앞,서울특별시 종로구 지봉로 87,8,324729.7598757826,4160994.862544996
1073,종로구,367,독립문역 3-1번출구 ,서울특별시 종로구 무악동 41-7,8,319736.78632120235,4160492.982942401
1074,종로구,368,SK 서린빌딩 앞,서울특별시 종로구 서린동 93-2,12,321654.92431437876,4159940.744058487
1075,종로구,369,광화문 시민열린마당,서울특별시 종로구 세종로 76-5,20,321489.92538446526,4160637.570943485
1076,종로구,385,종각역 5번출구,서울특별시 종로구 서린동 26-1,10,321843.6577564075,4160001.964172028
1077,종로구,386,올림픽기념 국민생활관 앞,서울특별시 종로구 성균관로 91,10,323292.854593155,4162235.2789363824
1078,종로구,388,동성중학교 앞,서울특별시 종로구 혜화동 56,10,323555.07094295195,4161730.361220293
1079,종로구,446,상명대입구,서울특별시 종로구 홍지문길 1,10,319724.079316531,4163410.6210462153
1080,종로구,447,신영동삼거리,서울특별시 종로구 진흥로 499,10,320096.51094950654,4163831.4884727076
1081,종로구,449,일성아파트,서울특별시 종로구 평창문화로 119,10,321071.61111051135,4164335.1366520445
1082,종로구,450,효자동 삼거리,서울특별시 종로구 효자로13길 45,15,320983.7896496238,4161548.8025300107
1083,종로구,451,청와대앞길,서울특별시 종로구 청와대로 73,13,321612.22760578344,4161525.4882842735
1084,중구,300,정동사거리,서울특별시 중구 정동길 2-1,7,320653.4743287916,4159829.340469956
1085,중구,310,청계광장 옆,서울특별시 중구 세종대로 136,10,321383.1548664645,4159905.516459001
1086,중구,311,서울광장 옆,서울특별시 중구 세종대로 지하 101,35,321377.74105397507,4159654.0769778467
1087,중구,312,시청역 1번출구 뒤,서울특별시 중구 세종대로 지하101,7,321308.45497718384,4159440.425324378
1088,중구,313,서울역 광장 파출소 옆,서울특별시 중구 통일로 13,5,320851.2528172903,4158594.0376117653
1089,중구,318,광교사거리 남측,서울특별시 중구 청계천로 30,10,321831.176007529,4159856.9163134643
1090,중구,320,을지로입구역 4번출구 앞,서울특별시 중구 을지로 55,20,321917.2794952618,4159599.2938978067
1091,중구,321,KEB 하나은행 본점 앞,서울특별시 중구 을지로 66,15,321963.9632325269,4159514.03325593
1092,중구,322,명동성당 앞,서울특별시 중구 명동길 74,15,322211.6677099309,4159399.0410286444
1093,중구,324,신세계백화점 본점 앞,서울특별시 중구 퇴계로 77,10,321623.9591850226,4159063.5188806197
1094,중구,330,청계천 한빛광장,서울특별시 중구 남대문로10길 33,10,322044.5868891279,4159812.1489081583
1095,중구,331,을지로2가 사거리 북측,서울특별시 중구 을지로 79,10,322237.13538914797,4159610.1962639946
1096,중구,332,을지로2가 사거리 남측,서울특별시 중구 을지로 100,5,322288.04857379926,4159565.47758745
1097,중구,336,티마크 호텔 앞,서울특별시 중구 충무로 15,10,322725.48380509473,4159181.7861115076
1098,중구,346,맥스타일 앞,서울특별시 중구 마장로 3,10,324246.4151128187,4159878.218105957
1099,중구,347,동대문역사문화공원역 9번출구 앞,서울특별시 중구 장충단로 지하230,18,324057.4381135677,4159454.6089609787
1100,중구,370,시청역(2호선) 9번출구 뒤,서울특별시 중구 서소문로 지하127,8,321137.17514076387,4159283.701724962
1101,중구,371,동대입구역 6번출구 뒤,서울특별시 중구 동호로 지하256,10,323838.71789547615,4158742.22849117
1102,중구,372,약수역 3번출구 뒤,서울특별시 중구 다산로 지하122,10,324328.0294877804,4158223.759605157
1103,중구,373,청구 어린이공원,서울특별시 중구 다산로14길 41,8,324566.2399806129,4158392.341690625
1104,중구,374,청구역 2번출구 앞,서울특별시 중구 청구로 지하77,10,324596.5864389057,4158904.0141440504
1105,중구,375,다산 어린이공원,서울특별시 중구 다산로40길 37,8,324988.33428413374,4159255.7493495243
1106,중구,377,서울역 4번출구 앞,서울특별시 중구 세종대로 지하2,10,320961.0504577841,4158620.0875901994
1107,중구,378,청계7가 사거리,서울특별시 중구 다산로 지하260,10,324872.5751288256,4159934.0241172314
1108,중구,379,서울역9번출구,서울특별시 중구 세종대로 지하2,7,320989.14394330344,4158484.3783308975
1109,중구,380,CJ제일제당 앞,서울특별시 중구 동호로 330,8,323603.86831215816,4159301.6081819823
1110,중구,381,장충체육관,서울특별시 중구 장충동2가 200-99,10,323966.0049917431,4158701.8946692045
1111,중구,382,약수역 10번출구 앞,서울특별시 중구 신당동 357-1,7,324228.3863165091,4158326.2229560823
1112,중구,383,신당역 12번 출구 뒤,서울특별시 중구 신당동 99,17,324814.7289962692,4159496.0875306847
1113,중구,384,종로학원본원 ,서울특별시 중구 청파로 456,10,320569.59510611277,4158913.070071077
1114,중구,387,훈련원공원주차장 앞,서울특별시 중구 을지로 227,10,323674.57665514003,4159647.349007776
1115,중구,389,을지로4가역 1번출구,서울특별시 중구 을지로 지하 178,10,323068.1308792051,4159630.953412174
1116,중구,390,충무로역 1번출구,서울특별시 중구 퇴계로 212,10,322944.9918173705,4159040.776560866
1117,중구,391,정동길입구,서울특별시 중구 세종대로19길 16,8,321007.0512714017,4159531.625603854
1118,중랑구,1401, 극동늘푸른아파트,서울특별시 중랑구 동일로 941,15,330221.8807075064,4164810.698196584
1119,중랑구,1402, 금란주차장 앞,서울특별시 중랑구 망우로 448,10,332481.2761497408,4163136.569246841
1120,중랑구,1403, 중화빌딩 앞 (동부시장),서울특별시 중랑구 망우로 211,15,330194.0948473315,4162536.9495072193
1121,중랑구,1404, 동일로 지하차도,서울특별시 중랑구 망우로 233,10,330501.61132564116,4162647.1011565034
1122,중랑구,1405, 망우역 1번출구,서울특별시 중랑구 망우로55길 11-10,10,331650.62077087455,4163045.3942878074
1123,중랑구,1406, 망우청소년수련관,서울특별시 중랑구 송림길 156,10,333019.15275602904,4163811.725479615
1124,중랑구,1407, 먹골역 1번출구 뒤,서울특별시 중랑구 공릉로 12,10,330349.15437913476,4164449.8692485057
1125,중랑구,1408, 먹골역 6번출구 앞,서울특별시 중랑구 동일로 지하 901,10,330311.0813893272,4164363.0643085963
1126,중랑구,1410, 면목 대원칸타빌아파트,서울특별시 중랑구 용마산로 285,10,331358.66689391306,4160685.1234908947
1127,중랑구,1411, 상봉시장앞 교차로 한성빌딩 앞,서울특별시 중랑구 면목로 456,10,331087.53816345346,4162328.9830595427
1128,중랑구,1412, 면목초등학교,서울특별시 중랑구 면목로 434,10,331112.9264148472,4162153.075611376
1129,중랑구,1413, 봉화산역 5번출구 뒤,서울특별시 중랑구 신내로 지하 232,10,331459.2322177584,4165098.7973632375
1130,중랑구,1414, 사가정역 1번출구,서울특별시 중랑구 사가정로 지하 393,10,331212.40811967535,4161117.0264473464
1131,중랑구,1416, 상봉역 3번출구,서울특별시 중랑구 면목로 480,10,331028.2589736616,4162627.466717853
1132,중랑구,1418, 새솔초등학교,서울특별시 중랑구 신내역로1길 164,15,333246.02982162137,4165110.1355215153
1133,중랑구,1420, 신내어울공원 앞,서울특별시 중랑구 신내로16길 17,15,332021.4812366491,4164717.722792112
1134,중랑구,1421, 신내역 4번출구,서울특별시 중랑구 신내로 지하 232,20,332601.31466646795,4164509.502914835
1135,중랑구,1422, 신내우디안아파트 1단지,서울특별시 중랑구 신내역로 213,10,332890.55033463787,4165351.4121946413
1136,중랑구,1424, 양원역 2번출구,서울특별시 중랑구 송림길 147,10,332972.767196635,4163819.431852765
1137,중랑구,1425, 용마문화복지센터,서울특별시 중랑구 용마산로86길 9-27,10,331891.1425692728,4161748.625285156
1138,중랑구,1426, 면목도시개발아파트 1동 앞,서울특별시 중랑구 용마산로 지하 227,15,331052.1114223129,4160225.914337833
1139,중랑구,1427, 용마산역 1번출구,서울특별시 중랑구 용마산로 지하 227,10,331061.75281256647,4160304.5322692846
1140,중랑구,1428, 원묵고등학교,서울특별시 중랑구 숙선옹주로 66,10,331072.5995801706,4164936.057498787
1141,중랑구,1429, 장안중학교,서울특별시 중랑구 동일로 778,15,330509.5337080868,4163164.0095739276
1142,중랑구,1430, 중랑구청,서울특별시 중랑구 봉화산로 179,20,331635.5378506797,4163828.7387231775
1143,중랑구,1431, 중랑구청 사거리,서울특별시 중랑구 봉화산로 194,10,331888.174526279,4163862.1275199787
1144,중랑구,1433, 중화역 2번출구,서울특별시 중랑구 동일로 지하 797,10,330477.2667084194,4163400.0045817946
1145,중랑구,1434, 홈플러스 면목동점,서울특별시 중랑구 사가정로 332,15,330672.80071787164,4160930.6584498044
1146,중랑구,1435, 능산삼거리,서울특별시 중랑구 용마산로 644,15,332364.56090662524,4164094.688995847
1147,중랑구,1436, 영풍마드레빌,서울특별시 중랑구 용마산로129가길 41,15,332344.1495240171,4163784.2857858953
1148,중랑구,1437, 늘푸른공원 앞,서울특별시 중랑구 동일로 594,15,330465.2977727032,4161329.1938032084
1149,중랑구,1438, 홈플러스 신내점 앞,서울특별시 중랑구 신내로 지하 232,15,331736.2436037428,4164938.643256725
1150,중랑구,1440, 하나은행 면목지점,서울특별시 중랑구 동일로 628,10,330484.71084560856,4161656.4887270164
1151,중랑구,1441, 신내능말공원,서울특별시 중랑구 용마산로136길 33,15,333260.03291305265,4164967.9887164366
1152,중랑구,1442, (구)신한은행 중랑교지점,서울특별시 중화동 50-8,8,330490.2770918579,4163012.7678899956
1153,중랑구,1443, 구립망우청소년독서실,서울특별시 중랑구 망우동 534-23 ,10,332157.1975917774,4162637.939898063
1154,중랑구,1445, 용마지구대,서울특별시 면목동 197-5,10,330410.86629701976,4160944.1145997145
1155,중랑구,1446, 중랑전화국 교차로,서울특별시 중랑구 면목동 282-8,10,330518.8510558795,4162202.943140045
1156,중랑구,1447, 면목역 3번출구,서울특별시 면목동 120-2,15,331127.079097364,4161924.225194366
1157,중랑구,1448, 코스트코 상봉점,서울특별시 상봉동 160-3,15,331368.4200665632,4162853.873847167
1158,중랑구,1449, 상봉역 1번출구,서울특별시 중랑구 망우로 297,15,331017.0736414163,4162776.3325449317
1159,중랑구,1450, 화랑대역 7번출구,서울특별시 노원구 화랑로 지하 510,10,330996.5486861146,4165337.3453850187
1160,중랑구,1451, 중랑세무서,서울특별시 중랑구 망우로 176,10,329845.82874245587,4162378.469009341
1161,중랑구,1455, 상봉역 2번 출구,서울특별시 중랑구 망우로 297,10,331021.94116866845,4162750.812794527
1162,중랑구,1456, 상아빌딩(우림시장 교차로),서울특별시 중랑구 용마산로 494,10,332293.04255290603,4162589.8996421825
