합계 : 대여량,열 레이블,,,,,,,,,,,,,,,,,,,,,,,,,,,,,,,,,,,,,,,,,,,,,,,,,,,,,,,,,,,,,,,,,,,,,,,,,,,,,,,,,,,,,,,,,,,,,,,,,,,,,,,,,,,,,,,,,,,,,,,,,,,,,,,,,,,,,,,,,,,,,,,,,,,,,,,,,,,,,,,,,,,,,,,,,,,,,,,,,,,,,,,,,,,,,,,,,,,,,,,,,,,,,,,,,,,,,,,,,,,,,,,,,,,,,,,,,,,,,,,,,,,,,,,,,,,,,,,,,,,,,,,,,,,,,,,,,,,,,,,,,,,,,,,,,,,,,,,,,,,,,,,,,,,,,,,,,,,,,,,,,,,,,,,,,,,,,,,,,,,,,,,,,,,,,,,,,,,,,,,,,,,,,,,,,,,,,,,,,,,,,,,,,,,,,,,,,,,,,,,,,,,,,,,,,,,,,,,,,,,,,,,,,,,,,,,,,,,,,,,,,,,,,,,,,,,,,,,,,,,,,,,,,,,,,,,,,,,,,,,,,,,,,,,,,,,,,,,,,,,,,,,,,,,,,,,,,,,,,,,,,,,,,,,,,,,,,,,,,,,,,,,,,,,,,,,,,,,,,,,,,,,,,,,,,,,,,,,,,,,,,,,,,,,,,,,,,,,,,,,,,,,,,,,,,,,,,,,,,,,,,,,,,,,,,,,,,,,,,,,,,,,,,,,,,,,,,,,,,,,,,,,,,,,,,,,,,,,,,,,,,,,,,,,,,,,,,,,,,,,,,,,,,,,,,,,,,,,,,,,,,,,,,,,,,,,,,,,,,,,,,,,,,,,,,,,,,,,,,,,,,,,,,,,,,,,,,,,,,,,,,,,,,,,,,,,,,,,,,,,,,,,,,,,,,,,,,,,,,,,,,,,,,,,,,,,,,,,,,,,,,,,,,,,,,,,,,,,,,,,,,,,,,,,,,,,,,,,,,,,,,,,,,,,,,,,,,,,
행 레이블,0,101,102,103,104,105,106,107,108,109,110,111,112,113,114,115,116,117,118,119,120,121,122,123,124,125,126,127,128,129,130,131,132,133,134,135,136,137,138,139,140,141,142,143,144,145,146,147,148,150,151,152,153,154,155,156,157,158,159,160,161,162,163,164,165,166,167,168,169,170,171,172,173,174,175,176,177,178,179,180,181,182,183,184,185,186,188,191,192,194,195,196,198,199,200,201,202,203,204,205,206,207,209,210,211,212,213,214,215,216,217,218,219,220,221,222,223,224,225,226,227,228,229,230,231,232,233,234,235,236,237,238,239,240,241,242,243,244,245,247,248,249,250,251,252,253,254,255,256,257,258,259,260,262,263,264,265,266,267,268,270,271,272,300,301,302,303,304,305,306,307,308,309,310,311,312,313,314,315,316,318,320,321,322,324,326,327,328,329,330,331,332,334,335,336,337,338,339,340,341,342,343,344,345,346,347,348,349,351,352,353,354,355,356,358,359,361,362,363,364,367,368,369,370,371,372,373,374,375,377,378,379,380,381,382,383,384,385,386,387,388,389,390,391,400,401,402,403,405,406,407,408,409,410,411,412,413,414,415,416,417,418,419,420,421,422,446,447,449,450,451,500,501,502,503,504,505,506,507,508,509,510,511,512,513,514,515,516,518,519,520,521,522,523,524,525,526,529,530,533,534,535,536,537,538,539,540,542,543,544,546,548,549,550,551,552,553,554,555,556,557,558,559,560,561,562,563,564,565,567,568,569,571,572,573,574,575,576,577,578,579,580,581,582,583,584,585,586,587,588,589,590,591,592,594,600,601,602,604,605,606,607,608,609,610,612,613,614,615,616,617,621,622,623,624,625,626,627,628,630,631,633,634,635,636,637,638,639,640,641,642,643,700,701,702,703,704,706,707,708,709,710,711,712,713,714,716,719,720,800,802,803,805,806,807,808,809,810,811,812,813,815,816,817,818,819,820,822,823,825,826,900,901,902,903,904,905,906,907,908,909,911,912,913,914,915,916,917,919,921,922,923,924,925,926,927,928,930,931,932,933,1001,1002,1003,1004,1006,1007,1008,1010,1011,1012,1013,1014,1015,1016,1017,1018,1019,1020,1021,1022,1101,1102,1103,1105,1106,1108,1109,1110,1111,1112,1113,1114,1115,1117,1118,1119,1120,1121,1122,1123,1124,1125,1126,1127,1128,1129,1130,1131,1132,1135,1136,1137,1139,1140,1141,1145,1146,1148,1149,1201,1203,1204,1205,1206,1207,1208,1209,1210,1211,1212,1213,1214,1215,1217,1218,1220,1221,1222,1224,1226,1227,1228,1229,1230,1231,1232,1233,1235,1239,1240,1241,1242,1243,1244,1245,1246,1247,1248,1249,1302,1303,1304,1305,1306,1308,1313,1314,1315,1316,1317,1318,1319,1320,1321,1322,1323,1325,1326,1327,1328,1332,1333,1334,1401,1402,1403,1404,1405,1406,1407,1408,1410,1411,1412,1413,1414,1416,1418,1420,1421,1422,1424,1425,1426,1427,1428,1429,1430,1431,1433,1434,1435,1436,1437,1438,1440,1441,1501,1503,1504,1506,1509,1510,1511,1512,1513,1514,1515,1516,1518,1519,1520,1522,1525,1601,1602,1603,1605,1606,1608,1610,1611,1616,1617,1619,1620,1623,1625,1627,1628,1630,1634,1635,1636,1637,1639,1640,1641,1642,1702,1703,1705,1706,1707,1708,1709,1712,1802,1804,1805,1806,1808,1809,1812,1814,1816,1819,1820,1821,1822,1823,1824,1825,1826,1827,1828,1829,1830,1831,1833,1834,1835,1836,1901,1904,1906,1907,1908,1910,1911,1912,1913,1914,1916,1920,1924,1925,1928,1929,1930,1931,1933,1936,1937,1940,1941,1943,1946,1951,1952,1953,1955,2002,2003,2007,2008,2009,2012,2013,2015,2016,2020,2024,2025,2026,2027,2028,2032,2033,2034,2036,2037,2038,2040,2041,2048,2050,2054,2056,2057,2102,2103,2104,2105,2106,2107,2108,2109,2110,2111,2112,2113,2114,2115,2116,2119,2122,2127,2128,2129,2130,2135,2136,2137,2139,2140,2141,2143,2144,2145,2148,2153,2156,2157,2201,2202,2203,2205,2206,2207,2210,2211,2212,2213,2214,2215,2217,2219,2220,2221,2222,2223,2224,2225,2226,2227,2228,2229,2230,2231,2233,2235,2237,2239,2241,2242,2243,2244,2245,2246,2247,2248,2249,2250,2251,2252,2255,2256,2257,2258,2259,2262,2263,2264,2265,2301,2302,2303,2304,2305,2306,2307,2308,2309,2310,2311,2312,2313,2314,2315,2316,2317,2318,2319,2320,2321,2322,2323,2324,2325,2326,2327,2328,2329,2330,2331,2332,2333,2334,2335,2336,2337,2339,2340,2341,2342,2343,2344,2347,2348,2349,2350,2351,2352,2353,2354,2355,2356,2357,2358,2359,2360,위트콤,위트콤공장,총합계
9월1일,,19,73,47,58,29,77,71,40,50,5,53,52,157,61,44,55,27,43,44,23,19,38,11,60,39,69,27,48,32,40,32,41,20,20,21,13,13,25,11,20,32,33,36,79,36,56,49,37,41,36,91,53,39,33,26,44,22,26,30,17,19,12,19,20,27,14,17,10,32,23,20,39,,56,30,12,13,45,24,10,29,71,32,36,13,18,22,25,44,20,15,24,10,14,42,64,38,29,33,56,151,40,62,73,57,51,49,34,52,31,34,32,20,51,84,48,51,39,47,15,59,33,71,16,48,6,19,7,25,17,52,48,23,17,25,34,54,46,80,41,16,17,23,24,26,9,11,15,35,46,88,17,38,39,20,15,37,22,28,22,13,47,54,47,63,62,45,42,42,45,20,49,37,75,53,21,51,37,59,28,55,45,19,31,45,54,39,55,51,32,22,51,39,36,13,37,54,71,42,52,21,46,40,59,47,29,34,36,11,24,31,43,31,80,56,50,34,40,31,16,37,47,38,17,24,8,23,25,21,49,20,17,2,13,50,15,62,22,15,32,19,16,,32,24,21,12,15,16,24,47,58,6,31,47,14,23,55,12,61,36,54,17,87,1,17,8,1,,,50,64,92,39,46,54,6,22,21,64,14,36,54,35,46,15,41,18,19,39,47,8,4,7,55,21,35,32,7,7,23,21,31,26,25,77,28,15,12,35,44,32,30,29,14,24,20,9,7,23,33,42,27,34,31,61,4,38,69,66,13,38,18,37,35,4,17,21,34,27,8,13,22,43,45,47,16,18,26,11,,,1,,17,9,35,7,23,6,22,9,28,8,22,34,45,28,46,22,13,20,,40,37,14,15,3,40,57,33,64,35,9,21,27,33,16,44,21,19,21,15,10,69,28,12,9,31,4,7,7,10,6,3,25,11,7,17,11,9,29,23,16,6,25,11,32,8,29,15,63,22,36,29,18,14,11,47,27,24,24,4,10,18,30,49,95,24,16,33,35,47,47,20,23,24,13,10,15,11,7,12,36,13,4,12,36,15,23,27,6,8,13,11,1,13,31,19,21,24,7,9,3,14,14,18,19,6,9,2,15,6,2,9,6,7,6,15,20,9,4,8,24,26,13,19,27,37,30,26,3,27,13,8,10,6,18,25,9,9,9,16,11,8,2,7,2,,22,,6,16,27,7,6,26,58,15,13,9,19,21,10,,13,27,26,30,13,5,6,3,13,47,17,16,26,1,4,10,3,2,20,15,4,4,4,10,,46,5,39,40,51,12,3,10,10,3,20,24,12,,14,13,6,5,13,6,14,13,5,15,13,26,9,28,,8,19,4,9,2,13,18,16,2,11,,4,1,7,7,5,21,7,13,13,18,4,1,1,10,15,12,11,9,24,13,8,,2,6,8,,11,10,,6,5,8,9,15,26,16,13,14,31,,46,30,24,6,,18,25,12,3,7,3,7,7,26,41,7,,3,8,4,4,18,9,6,9,16,18,,,4,2,9,6,,8,8,3,5,1,6,4,11,4,7,10,4,8,12,,10,15,17,2,34,24,69,8,32,,42,10,5,14,10,11,,27,12,10,2,10,16,7,4,5,2,,24,11,7,11,,40,13,28,7,17,15,65,25,7,6,22,31,11,12,20,14,,10,5,7,7,,,5,49,16,27,7,65,21,6,4,9,47,22,,6,,,18,5,5,43,20,34,6,,12,8,44,,19,10,13,33,10,3,4,,8,4,15,1,24,,10,20,4,1,4,3,16,16,6,11,57,17,17,19,,3,6,7,15,10,8,14,26,4,10,23,10,9,19,16,30,10,11,18,11,5,7,7,30,36,8,,4,12,29,22,12,14,20,28,19,6,7,32,15,20,4,7,8,5,19,5,12,19,18,9,15,19,14,11,7,9,12,5,21,13,4,21,18,21,11,6,21,10,16,6,34,3,8,1,3,3,9,8,2,,4,9,2,20,5,,12,4,8,,,19922
9월2일,,10,77,42,46,32,85,46,26,35,13,32,28,128,52,27,41,22,41,37,12,15,28,5,50,44,45,11,39,22,37,24,25,34,16,25,9,13,24,15,22,16,29,15,65,25,41,30,29,38,28,105,52,43,16,21,30,14,18,18,17,26,8,13,28,24,10,8,12,22,20,24,22,,51,34,9,25,23,13,5,33,50,35,19,41,21,10,13,29,14,15,14,13,5,19,33,14,6,20,24,98,23,35,36,31,22,15,21,32,21,8,9,16,31,31,22,36,12,17,19,42,12,43,6,41,,10,10,13,10,31,29,24,11,9,18,45,29,87,37,21,11,10,18,16,5,12,16,29,23,57,17,19,14,14,14,49,24,18,6,13,49,19,28,35,34,18,18,23,26,15,12,34,34,22,17,39,20,30,8,24,22,12,16,26,34,30,20,16,11,8,46,25,8,7,36,39,41,32,55,15,41,21,52,37,26,18,34,12,20,23,24,34,73,31,46,19,18,10,18,15,19,10,19,15,4,15,25,8,26,14,3,5,11,26,6,29,19,12,24,11,16,,30,20,15,14,3,12,16,17,33,7,23,20,12,15,32,19,23,37,47,21,36,,12,2,5,,,44,67,88,34,31,32,11,18,8,64,25,45,40,23,49,14,24,6,17,26,31,7,1,7,56,12,17,18,4,3,16,12,24,20,27,74,18,17,6,25,28,20,22,19,13,11,15,7,7,26,21,30,24,16,26,14,3,34,19,45,12,16,9,31,30,3,16,22,22,15,5,9,13,61,30,24,14,13,36,1,,,,1,17,9,34,7,11,6,10,7,16,12,16,24,42,13,46,16,7,27,,26,20,9,14,7,26,28,39,46,23,6,14,15,32,12,32,16,6,22,3,9,44,19,15,10,20,3,4,3,9,5,,25,9,6,23,10,4,22,13,16,6,21,13,27,12,14,17,63,12,28,25,15,25,11,48,16,25,25,9,6,23,32,64,60,21,7,29,18,47,45,18,16,18,9,5,19,12,6,9,27,10,9,7,29,17,22,37,10,12,12,21,1,17,21,18,21,17,13,7,3,10,13,14,17,13,15,3,6,5,2,11,3,2,8,14,10,7,,11,12,22,14,21,22,28,30,36,4,9,4,4,14,5,14,17,13,2,4,11,8,8,4,5,2,,26,,4,14,35,6,10,27,56,21,11,4,7,26,9,,11,23,30,25,16,5,6,3,9,26,24,11,13,4,3,4,4,4,17,9,5,10,3,7,,34,6,35,40,50,13,1,4,2,5,24,26,13,,8,16,7,4,10,9,8,20,4,15,8,34,13,24,4,10,10,4,2,7,7,14,14,3,11,,,4,3,2,2,8,13,13,14,17,13,2,4,8,21,9,9,10,20,6,10,,4,5,4,5,9,11,,4,7,2,2,4,14,10,10,6,23,,20,26,27,11,,18,21,18,3,5,3,2,5,28,30,7,,4,7,6,6,17,7,7,6,17,22,,,2,2,1,,,8,2,3,5,4,2,2,7,8,7,9,6,8,8,4,8,6,3,,19,28,68,9,21,,18,11,,17,6,7,,33,11,7,4,8,12,4,3,5,6,4,11,11,3,9,,46,18,33,16,13,3,45,17,14,13,23,30,9,9,7,8,,12,5,7,1,,,2,40,5,26,6,73,18,7,6,13,35,22,,5,,,5,7,4,24,17,28,3,,6,10,34,,18,12,14,24,11,6,12,,7,2,8,3,20,,7,20,4,5,10,7,17,17,15,9,66,20,10,10,3,1,3,3,14,12,9,22,22,6,7,9,19,1,15,10,25,10,5,9,4,2,5,5,14,18,6,3,2,10,28,7,10,12,29,19,11,4,8,22,12,11,2,7,1,4,9,5,12,7,11,6,4,16,17,8,5,3,15,4,15,8,2,10,10,24,12,8,17,7,10,10,15,2,10,,11,1,6,6,1,,,,4,11,4,,8,3,9,,,15119
9월3일,,9,50,49,36,18,59,44,24,33,10,29,25,115,48,27,47,16,20,28,15,23,22,9,30,22,43,14,31,9,32,21,38,25,10,26,3,18,20,21,12,16,16,13,53,18,37,29,14,30,31,104,32,33,21,22,31,20,17,25,8,33,12,12,18,31,16,10,4,23,14,24,16,,47,28,11,6,22,16,3,30,48,29,34,52,17,14,11,33,12,16,13,13,2,24,58,19,13,22,19,77,22,40,42,20,23,16,23,43,11,9,10,20,20,41,28,25,5,29,26,38,21,40,9,34,8,3,10,15,17,14,22,25,11,13,23,41,24,52,34,15,10,14,18,14,8,17,8,33,27,53,13,26,16,10,18,52,24,19,6,9,43,20,37,31,18,16,11,32,16,14,18,20,55,25,13,23,25,27,12,15,23,23,21,24,22,23,27,17,10,7,24,16,14,4,19,30,44,34,32,8,43,13,31,28,19,21,43,8,9,16,20,32,67,27,31,24,27,20,24,9,17,11,12,14,5,12,14,7,17,9,10,9,14,26,11,26,17,7,10,4,9,,26,21,20,14,9,7,9,12,34,9,17,23,19,10,35,21,30,39,64,18,29,,10,2,5,,,38,70,94,40,39,32,14,9,13,37,12,49,32,18,22,19,32,13,9,31,42,5,1,5,42,8,16,18,6,5,19,8,30,24,22,74,12,21,17,26,34,19,17,31,13,4,12,8,8,24,23,44,11,22,20,8,3,55,14,48,17,19,10,28,24,6,17,24,11,8,4,17,16,68,44,16,7,17,23,9,,,,,17,8,41,10,21,5,16,13,25,16,17,30,41,25,43,16,10,17,,25,16,12,14,7,28,28,37,63,37,6,15,9,22,14,38,14,10,22,7,10,69,20,7,11,26,2,7,1,5,6,2,29,14,5,25,9,4,16,8,13,10,21,10,37,8,16,26,52,7,40,17,15,12,3,29,16,15,19,6,11,15,23,46,80,18,10,26,20,37,46,21,16,10,9,9,14,8,10,8,22,15,8,7,27,20,14,38,5,13,5,12,1,19,14,26,25,13,14,11,5,10,15,13,15,4,5,1,6,5,4,10,3,7,6,16,17,10,1,8,16,22,10,39,20,24,24,35,9,12,14,8,12,2,13,14,6,6,5,13,5,15,4,6,9,,16,,8,11,13,4,6,35,50,25,9,7,15,21,8,,10,15,31,21,16,5,3,2,11,39,30,7,18,1,10,6,1,6,13,12,4,10,10,6,,27,2,41,40,22,9,4,7,6,4,12,20,14,,6,10,4,4,6,8,10,12,8,19,10,34,16,28,2,9,11,2,6,11,9,13,18,4,6,,1,2,12,3,5,7,6,13,10,24,3,6,1,7,16,5,11,11,22,10,6,,3,4,5,1,6,14,,7,7,10,6,5,21,10,17,6,31,,23,35,19,6,,10,24,18,3,7,1,,4,27,36,6,,3,9,2,5,14,7,5,13,8,13,,,,1,1,2,,5,,5,5,3,2,2,8,6,8,10,5,6,5,,5,5,7,2,22,19,71,16,16,,30,12,4,11,8,9,,22,11,6,2,3,13,2,8,8,,5,14,13,9,9,,35,25,14,7,12,9,40,19,13,6,19,26,8,5,15,6,,8,5,8,2,,,8,43,15,14,6,64,19,2,9,8,37,17,,8,,,8,6,6,30,3,23,4,,3,4,39,,13,11,21,19,10,5,14,,11,5,10,3,16,6,11,13,,5,11,8,17,17,7,7,65,18,10,18,5,2,1,4,13,11,7,12,21,9,6,14,19,9,17,14,28,8,5,14,3,2,3,5,7,12,8,5,6,13,37,9,10,20,28,35,14,6,5,17,11,9,6,11,1,,9,7,12,9,7,5,10,18,14,8,6,6,16,3,17,6,8,16,5,10,7,5,20,4,11,9,24,4,10,,8,1,5,12,5,,,11,6,11,5,,14,5,11,,,14537
9월4일,,21,87,57,54,27,54,70,29,37,9,39,49,147,52,60,62,35,41,35,24,28,42,14,31,50,74,14,35,37,39,30,39,22,28,23,9,18,26,13,29,31,34,36,78,30,59,38,28,43,31,79,47,35,33,30,32,24,34,29,17,25,14,15,29,45,3,23,10,27,29,31,37,,66,51,10,18,39,27,8,32,74,53,34,26,21,16,22,39,21,10,28,15,19,32,51,56,31,40,52,168,44,60,78,70,58,31,31,57,39,40,32,37,51,80,63,61,25,40,30,56,41,71,21,57,7,14,13,22,15,60,35,42,16,24,24,53,47,98,37,25,21,27,27,25,4,13,12,42,43,84,9,39,34,31,28,32,26,28,21,18,49,47,60,74,60,36,42,30,30,28,46,39,76,45,28,55,29,62,26,37,35,28,35,45,45,46,34,35,42,18,61,41,30,20,40,54,41,37,59,32,35,30,45,42,36,36,45,10,23,46,34,59,83,65,53,33,45,16,17,26,22,25,19,21,4,23,20,17,49,22,21,8,13,45,20,42,25,16,19,17,26,,34,25,29,27,21,13,25,37,68,16,32,42,28,24,82,28,65,46,58,17,65,10,16,8,4,,,54,69,78,46,43,55,17,23,16,64,14,39,49,38,54,26,45,17,22,36,38,3,3,6,65,26,39,27,6,9,20,18,54,24,32,91,21,15,10,31,50,38,40,35,14,19,25,10,15,28,43,40,35,37,33,72,4,77,65,59,12,50,13,63,36,5,22,24,44,27,6,29,32,64,65,33,14,30,27,8,,,1,3,27,17,27,16,24,6,15,17,38,15,21,29,64,30,68,32,14,21,,30,30,23,23,3,52,44,44,61,33,19,20,25,32,12,49,26,23,33,12,13,78,29,12,12,21,6,11,7,8,4,3,38,19,8,23,10,8,24,24,19,6,45,18,20,10,15,16,53,16,34,26,25,21,14,43,27,25,46,4,21,16,36,36,80,19,16,39,35,58,57,22,25,19,5,14,7,13,6,12,28,8,2,13,33,12,25,28,10,9,14,14,1,20,18,14,31,32,7,8,7,17,12,19,37,5,12,2,9,9,3,10,8,4,5,17,16,9,2,18,19,30,19,25,22,27,35,35,6,22,12,9,11,5,28,25,16,9,11,7,8,9,5,9,7,,30,,7,25,31,8,19,44,49,20,20,14,19,20,7,15,20,35,22,33,30,8,9,6,14,47,20,24,20,5,8,6,1,12,26,23,8,10,12,7,3,35,5,43,43,45,11,7,14,7,4,17,21,18,10,15,16,9,11,7,9,19,19,5,11,11,26,9,28,2,6,16,2,4,13,12,14,20,2,11,,5,4,16,4,5,13,8,16,13,19,5,2,7,13,18,8,8,9,22,12,8,,4,4,7,,10,9,,9,8,7,7,9,28,11,17,15,34,7,37,35,26,8,,14,24,12,5,4,2,2,8,29,42,3,,4,15,9,6,12,8,5,8,12,20,,,12,5,22,8,,12,7,8,6,1,5,5,8,5,9,16,7,7,14,3,10,20,17,1,23,22,58,11,31,1,33,14,5,21,7,14,1,14,20,14,6,17,12,1,6,7,4,5,16,10,10,18,,47,19,31,11,21,12,55,24,13,17,28,45,10,19,21,9,,11,4,8,1,,,16,64,11,31,8,80,21,6,5,11,60,23,,9,,,15,2,7,26,9,35,8,,11,12,30,,12,21,18,37,13,7,5,,10,11,10,1,34,,17,21,4,6,16,11,26,11,8,9,48,26,10,19,5,9,4,6,19,12,2,19,29,6,14,22,18,12,31,10,40,8,8,23,17,4,11,12,30,48,10,1,7,9,23,14,12,15,34,36,17,11,14,32,19,15,18,5,8,,18,3,19,20,19,19,18,18,11,14,4,10,21,9,20,17,7,12,18,22,9,8,20,9,18,13,34,3,7,,8,7,16,7,4,,,5,11,21,8,,15,2,13,2,,21074
9월5일,,20,64,57,46,42,71,69,34,41,13,36,48,159,60,49,58,29,41,30,32,22,49,12,61,47,65,19,44,44,35,34,42,31,12,24,16,17,27,17,24,42,39,37,70,32,50,43,34,46,21,77,62,47,33,36,44,17,24,23,12,22,10,24,33,41,12,19,17,32,27,16,37,,58,35,9,14,36,22,8,27,61,35,37,32,24,15,22,40,21,12,19,20,21,46,38,32,32,35,52,101,41,37,67,57,66,45,18,63,37,25,20,32,53,71,48,40,39,42,21,50,26,72,26,55,8,12,11,20,15,65,37,31,17,18,30,65,54,84,16,26,23,19,24,27,5,12,15,39,46,87,15,48,34,25,20,39,21,20,11,21,41,55,63,74,60,36,39,43,42,32,60,32,75,61,15,45,22,64,29,44,24,16,23,49,45,46,56,34,38,22,60,28,25,17,34,45,53,41,63,14,56,35,31,29,18,37,47,15,34,38,34,46,86,51,52,31,25,28,27,29,37,29,23,20,3,23,24,20,45,15,21,1,10,42,14,45,29,19,19,14,18,,24,20,28,24,21,24,21,49,66,9,38,39,15,21,77,17,63,34,59,13,61,6,14,8,7,,,62,80,76,49,38,62,14,26,22,58,26,39,48,36,47,16,37,22,26,25,34,2,4,4,56,35,49,24,13,4,27,16,32,32,31,78,27,25,13,28,39,30,32,36,15,15,21,9,10,36,35,38,34,39,22,57,5,60,69,53,15,50,8,52,34,6,12,27,46,28,8,21,24,51,49,40,15,29,38,13,,,2,14,24,22,40,9,22,10,16,28,34,17,27,33,60,27,59,27,12,24,,33,34,17,19,1,43,48,46,74,37,15,6,28,38,21,46,19,23,39,10,12,74,21,17,10,25,8,7,6,8,6,4,28,26,7,21,7,10,28,18,15,7,31,9,30,10,19,12,44,16,36,34,31,11,8,36,23,24,31,10,14,18,43,57,76,17,15,31,22,54,52,17,21,21,12,10,11,14,7,21,33,10,4,16,34,17,23,34,11,5,16,14,,14,20,25,33,28,8,4,4,18,13,14,25,6,11,3,9,5,3,7,4,4,10,11,19,7,2,21,21,32,17,24,38,29,26,42,9,14,8,13,19,5,24,16,10,5,11,16,8,12,6,13,5,,26,,8,32,33,6,13,46,55,32,20,13,20,26,11,10,21,28,28,36,20,5,10,5,13,28,17,11,18,2,9,7,3,10,20,19,16,6,13,13,9,44,6,47,55,89,11,7,10,16,3,12,31,9,20,14,16,7,7,6,8,13,16,2,15,14,41,16,37,5,13,11,3,3,6,10,17,12,7,14,,4,1,7,6,5,18,5,9,17,14,9,1,1,12,24,7,11,14,21,7,13,,5,9,5,,9,8,,6,7,4,8,12,25,15,15,18,36,17,28,37,33,7,,24,20,7,2,5,1,5,3,23,45,6,,9,19,6,6,22,7,5,3,11,21,,,10,7,13,10,,10,3,7,10,5,5,5,10,3,8,12,6,8,13,4,10,18,15,2,28,24,81,13,30,,46,16,6,16,11,15,8,30,11,9,5,11,14,10,10,4,4,3,27,10,11,14,,56,21,32,10,24,18,47,23,21,13,25,40,13,16,20,11,,13,3,8,5,,,12,53,14,30,12,73,29,4,12,12,46,26,,5,,,16,9,8,28,13,28,4,,11,11,32,,20,17,12,40,14,3,12,,8,6,21,3,23,2,23,22,4,2,11,10,20,11,7,8,44,22,18,16,3,7,4,11,13,14,4,18,32,9,15,20,16,16,29,13,38,3,5,32,14,7,9,7,23,53,13,,9,10,20,15,11,17,31,24,19,12,11,36,16,12,6,4,4,,12,8,18,14,21,15,16,23,10,9,5,10,23,5,26,9,7,16,18,26,22,6,25,13,16,13,31,6,10,1,7,1,11,9,7,,,7,17,21,8,,11,4,14,,1,20682
9월6일,,9,55,32,32,20,46,53,25,35,8,16,46,114,41,38,40,12,24,16,17,10,20,7,23,28,42,14,15,22,27,16,13,17,17,22,3,15,19,10,14,17,16,19,34,18,29,23,13,21,19,32,49,28,28,27,20,15,16,15,10,12,7,13,19,18,9,5,10,15,17,11,16,,24,25,6,11,22,8,3,19,29,24,21,5,8,16,14,36,2,4,7,14,12,24,36,25,22,22,26,73,30,31,38,41,40,26,9,21,27,17,18,16,26,48,29,23,16,17,9,23,9,28,10,26,5,9,5,12,12,26,23,13,10,14,16,30,28,34,11,8,10,13,15,16,2,4,8,16,26,45,5,21,18,13,10,27,12,10,9,9,21,31,28,39,34,21,19,22,29,18,26,17,55,30,8,24,17,43,7,19,26,10,16,31,26,29,31,18,22,11,40,18,12,13,23,38,38,30,35,11,35,19,36,26,17,20,27,9,10,24,21,25,53,31,38,24,26,13,13,12,24,21,11,11,4,12,19,8,25,8,9,,5,29,4,36,16,6,12,5,11,,20,6,20,10,19,7,10,31,44,7,32,36,17,20,45,16,27,20,34,4,52,3,7,3,2,,,36,31,39,10,28,32,11,16,16,37,2,21,26,23,30,7,33,8,17,16,15,4,,2,35,21,30,11,4,7,11,8,19,20,15,59,12,4,2,13,19,20,26,23,9,12,10,8,4,20,25,20,17,12,23,32,,23,45,30,5,36,9,33,9,3,7,15,19,21,2,11,10,19,29,19,13,13,14,11,4,,9,7,12,10,26,3,15,4,12,6,20,6,9,26,30,14,42,19,9,16,,23,10,9,7,3,35,24,27,37,17,21,,8,27,12,14,18,14,21,3,7,37,15,10,5,12,4,3,5,2,2,4,17,8,2,15,3,6,11,15,10,1,16,3,15,4,13,10,22,2,14,19,21,9,9,16,17,14,23,5,9,19,21,32,45,11,9,23,20,26,27,8,22,21,9,6,3,6,6,4,20,8,5,8,23,12,16,14,5,,6,10,,7,10,11,14,16,9,7,2,8,3,11,12,2,4,3,1,5,,5,5,2,5,10,2,7,1,8,19,12,14,15,20,13,12,23,5,8,6,6,5,5,13,18,13,6,6,10,4,7,2,5,2,1,21,,5,6,16,2,9,26,41,16,4,6,6,14,6,7,16,18,14,18,14,4,3,4,5,13,7,11,8,1,7,1,,6,12,10,8,5,9,5,11,29,2,17,10,49,8,4,5,8,5,8,23,8,15,12,4,1,8,6,7,8,7,,5,10,23,5,17,3,3,4,1,5,11,8,14,9,1,3,,2,2,5,1,6,10,4,7,12,10,5,,2,6,9,1,8,9,19,8,6,1,3,2,8,,7,6,,4,6,4,11,4,20,10,6,7,18,11,18,16,20,6,1,5,15,16,,2,1,3,8,18,35,3,,4,11,6,3,14,9,3,7,4,11,,,5,4,5,8,,4,2,1,1,1,5,,5,2,2,11,6,7,4,2,5,5,12,4,21,15,40,8,13,,31,7,2,16,7,8,4,7,8,5,4,7,8,4,4,3,4,3,7,4,5,3,,21,17,15,11,4,11,23,16,9,5,12,18,4,8,10,6,1,3,2,3,2,,,9,28,4,13,4,35,23,2,3,9,22,12,,6,,,10,8,4,20,8,22,2,,6,4,21,,2,14,12,22,9,5,5,,4,3,5,1,19,2,11,21,4,1,4,7,7,10,6,4,16,11,9,11,4,7,3,4,12,9,1,16,15,3,7,11,9,7,16,7,21,3,6,14,8,4,6,3,13,26,8,1,4,5,6,9,7,7,17,20,13,7,6,24,7,5,7,2,1,,8,6,16,9,17,1,6,11,7,7,3,,11,2,14,11,13,7,5,18,16,3,11,9,4,5,19,1,3,1,3,6,6,14,7,,,6,4,6,2,,10,1,9,,,11883
9월7일,,19,79,56,70,49,74,83,43,41,21,44,48,184,68,63,49,31,45,42,26,33,43,9,59,65,80,15,44,39,36,27,29,25,24,38,18,22,22,17,21,45,30,45,79,35,51,50,39,50,45,75,63,67,48,42,50,25,45,32,26,35,15,16,32,40,14,13,17,36,46,19,50,,61,47,12,22,31,23,7,36,71,52,27,16,25,17,20,52,18,18,24,20,31,52,57,42,34,30,54,156,41,60,80,67,79,46,30,69,32,23,35,39,46,86,58,48,47,55,10,49,34,70,21,45,4,16,14,22,16,72,40,38,14,24,29,64,49,75,32,17,20,19,31,28,8,20,14,45,44,103,19,42,36,21,15,39,29,27,16,24,47,53,59,81,63,36,41,43,40,35,49,30,81,52,23,49,22,64,25,39,36,25,27,58,56,51,53,43,35,22,65,50,39,17,44,56,52,56,49,23,46,43,71,50,26,27,45,16,34,37,47,48,93,47,58,38,48,27,18,33,37,35,20,28,7,28,29,19,47,18,21,4,11,50,10,60,25,22,22,22,23,11,29,16,28,21,23,19,28,49,73,10,27,54,23,30,72,31,77,51,58,21,77,5,9,11,7,,,59,84,98,45,38,54,17,24,52,68,16,35,48,44,70,24,51,20,26,29,38,9,4,10,46,27,47,21,7,9,13,12,30,21,33,99,28,18,5,36,44,34,39,32,11,26,20,14,9,31,37,31,27,22,20,55,5,57,21,77,12,59,14,55,35,6,18,28,51,29,12,28,25,59,54,34,17,32,32,21,4,,18,10,26,19,37,7,17,7,25,15,19,14,31,44,55,25,69,27,16,19,,34,26,17,21,3,52,47,44,54,31,27,,27,48,12,31,27,22,38,12,7,81,36,17,11,25,6,11,6,10,4,5,37,18,10,24,8,6,24,25,33,9,25,15,30,15,27,13,62,16,44,35,27,14,14,36,33,25,30,9,16,18,33,44,73,25,14,31,27,41,40,24,33,32,11,9,16,15,4,20,25,9,1,15,37,22,26,31,16,16,15,11,2,16,23,19,28,25,7,4,4,25,16,21,24,8,13,4,11,11,5,5,6,3,6,15,17,16,3,18,28,30,14,32,23,39,29,62,11,21,16,12,17,4,27,21,11,6,10,14,11,10,3,9,5,9,35,,4,13,36,8,14,49,72,24,17,12,21,17,10,9,21,23,41,37,24,4,7,5,15,34,13,19,26,2,8,4,3,17,17,20,20,4,15,17,29,50,8,42,,67,15,6,10,12,5,14,23,18,30,17,11,11,11,10,13,21,14,6,17,11,36,11,40,2,18,9,3,2,12,14,13,17,8,10,5,4,2,9,9,6,15,14,22,17,19,9,2,4,12,26,7,13,8,17,9,10,1,2,6,12,2,12,12,,5,6,13,10,6,14,11,17,12,41,21,45,32,29,10,10,14,22,13,8,7,5,7,10,28,48,7,2,9,15,7,3,23,8,7,12,24,24,,,18,7,12,4,,6,7,9,2,,5,1,10,5,4,11,5,7,9,4,12,16,18,4,29,28,83,14,25,3,40,13,7,18,14,6,5,28,16,12,5,11,17,5,7,8,7,7,20,14,10,20,,45,20,25,16,29,11,46,28,16,17,33,50,8,14,23,11,6,9,7,6,5,,,11,50,11,32,15,59,27,6,3,17,38,22,,9,,15,29,5,8,31,19,39,6,,16,8,37,,13,17,18,47,13,3,11,,7,5,16,3,37,1,18,20,2,5,11,8,28,15,8,11,50,24,13,18,2,8,3,10,15,12,6,25,35,11,14,18,21,17,41,16,38,13,6,18,14,9,11,10,38,35,9,,9,14,27,18,15,15,46,30,22,13,16,42,15,22,17,13,10,,22,10,26,20,23,17,23,15,6,15,10,5,18,4,24,11,20,25,18,38,18,6,25,6,17,10,33,4,15,1,8,12,25,21,10,4,,9,8,22,7,,14,6,13,,,22378
9월8일,,19,84,51,65,29,66,88,29,38,18,50,57,155,77,41,60,29,45,39,28,23,47,14,41,54,67,17,42,33,39,23,34,28,21,26,10,11,24,16,33,35,25,41,83,38,55,47,36,38,39,67,66,35,28,30,42,23,26,24,12,26,15,21,30,50,23,10,13,30,37,18,38,,48,41,7,16,34,29,6,39,81,39,34,24,24,18,25,48,22,21,34,16,35,44,56,51,35,46,49,152,40,59,83,63,62,47,33,54,47,32,25,42,57,76,44,64,28,33,20,59,29,78,16,59,10,15,12,21,17,42,42,18,18,26,22,53,50,88,28,24,21,26,21,24,5,16,20,44,54,94,22,39,34,33,17,42,31,21,17,21,49,47,57,68,54,36,47,48,37,27,54,35,91,67,20,45,31,62,25,36,39,27,32,59,41,53,62,37,25,17,72,36,23,19,38,51,58,39,78,25,47,47,57,40,32,27,36,13,22,32,38,36,86,57,54,39,32,27,25,31,31,24,18,22,6,23,38,14,49,21,15,6,13,63,16,58,25,9,21,20,24,16,33,18,31,31,24,16,26,41,64,13,29,57,21,32,82,28,62,45,68,15,64,6,18,6,8,,,66,73,63,50,36,59,14,26,47,69,14,33,44,38,60,27,29,18,26,30,37,7,5,11,63,32,59,31,10,8,17,14,33,19,29,83,32,29,5,27,49,23,26,29,9,19,18,14,5,28,31,38,37,38,28,62,4,54,,61,11,42,15,67,31,4,13,30,35,25,6,22,18,49,67,40,17,21,18,16,1,,21,12,28,12,42,7,15,2,13,13,30,10,27,33,48,23,78,24,10,19,,27,21,15,15,3,39,42,42,68,31,25,,24,31,17,53,32,27,32,12,13,78,29,13,9,22,7,5,6,7,6,9,35,10,7,25,12,10,23,24,21,6,22,12,25,7,19,15,67,22,39,41,27,12,11,35,35,23,39,3,18,23,32,45,81,19,13,33,23,53,54,21,29,29,10,12,11,10,1,20,37,6,3,9,44,18,26,27,13,17,8,14,,22,20,24,35,28,14,6,6,17,13,15,26,5,11,3,10,16,,6,9,3,11,15,19,6,2,16,23,26,18,33,32,29,28,35,13,17,6,11,11,6,19,14,11,3,13,17,7,13,10,8,4,9,37,,6,19,26,8,17,35,65,27,18,13,16,23,13,12,20,30,30,27,35,6,5,5,14,34,20,18,21,8,8,6,4,13,21,18,15,6,22,17,43,43,9,50,,74,14,8,12,10,6,13,37,11,24,12,19,10,7,7,15,10,9,2,15,15,40,17,36,1,11,15,8,9,11,18,14,13,3,11,4,3,4,10,6,6,17,6,17,15,26,15,1,8,7,13,10,15,8,18,9,8,3,2,,9,6,12,8,,7,9,7,8,8,30,11,14,8,42,19,35,27,35,14,7,11,20,13,3,6,1,3,7,23,50,4,8,4,21,12,6,19,12,6,7,14,22,,,8,6,11,11,,7,5,8,10,4,4,6,12,4,4,12,6,12,9,4,12,12,16,1,29,20,73,7,33,1,34,16,13,21,8,8,3,33,15,8,4,10,21,9,6,10,3,2,18,10,11,8,,51,29,44,10,21,13,42,24,10,15,26,30,13,16,18,10,4,10,11,7,4,,,17,48,11,29,9,63,19,7,10,17,37,20,,10,,24,19,9,11,26,10,33,7,,12,13,27,,14,23,19,40,13,4,13,,8,10,15,4,30,5,24,27,5,3,14,7,21,15,7,16,51,19,17,16,5,5,7,5,17,10,4,27,26,4,13,27,22,11,51,17,41,12,10,26,13,5,8,9,36,45,10,3,2,9,30,14,13,11,23,35,18,11,11,29,23,18,13,11,6,,8,9,24,20,17,14,19,18,12,14,8,11,13,8,36,11,11,23,20,19,22,8,13,8,16,11,29,2,16,,4,8,15,16,7,2,,12,10,33,6,,10,4,10,,,21396
9월9일,,18,75,46,42,24,72,68,40,39,19,50,29,149,63,40,46,29,36,24,15,17,39,8,61,25,52,18,36,39,32,16,28,22,24,31,17,12,27,17,13,28,17,29,65,19,37,29,28,38,35,99,45,49,26,23,20,27,29,25,12,26,9,12,26,27,13,14,14,25,24,22,19,2,45,42,11,12,28,18,2,24,59,33,19,44,8,16,20,23,21,16,13,12,3,22,36,19,5,17,15,82,21,31,31,23,20,9,22,29,6,12,14,22,33,39,26,31,15,13,22,41,19,33,10,37,5,16,10,11,18,31,29,22,7,17,19,45,37,70,34,21,10,13,15,23,3,18,17,33,24,59,7,28,18,13,18,32,20,23,6,11,42,44,44,48,24,33,28,19,22,22,12,21,42,28,13,45,18,39,11,39,17,12,19,36,27,35,23,11,14,8,27,26,14,14,20,34,38,25,51,17,37,18,44,27,29,29,30,11,17,21,27,34,53,20,23,22,24,12,20,15,17,16,15,22,1,15,31,7,26,14,4,1,7,34,9,36,21,7,19,10,26,13,23,12,22,12,8,8,17,16,41,6,15,21,20,16,37,29,21,49,68,13,50,26,5,4,4,,,35,80,101,39,41,37,6,7,27,41,13,41,44,25,34,21,41,12,24,33,37,4,3,6,47,10,21,8,10,9,22,21,25,21,22,91,13,20,15,21,40,26,19,23,10,19,18,8,6,18,33,35,21,24,31,12,2,53,,56,6,24,12,33,18,3,14,26,13,28,3,14,15,49,45,25,6,19,31,23,,,18,7,19,10,39,14,18,7,10,12,27,15,13,23,34,29,35,10,5,18,,26,16,11,27,3,28,32,39,53,36,13,,11,37,12,33,20,10,26,3,7,49,31,11,7,20,4,7,5,2,10,5,24,13,4,12,13,3,24,15,17,8,28,13,25,21,15,17,59,10,29,30,23,17,6,46,15,17,26,12,13,18,26,37,57,23,11,28,27,38,58,19,21,23,7,10,13,22,9,8,30,8,4,10,34,11,24,36,8,11,10,11,4,15,12,17,29,22,15,6,4,13,21,16,17,5,7,1,7,3,4,10,5,5,8,20,18,14,2,26,19,23,17,19,18,26,32,46,12,11,8,11,13,6,14,17,16,6,3,16,10,13,6,10,4,10,21,,4,19,36,5,14,42,63,26,15,14,12,32,14,13,20,19,48,25,20,6,10,3,15,32,27,20,19,1,13,3,1,6,9,15,12,8,13,8,31,29,6,53,,62,9,4,3,7,6,16,29,13,20,8,13,4,6,4,15,13,16,5,21,7,38,18,25,3,14,13,8,8,9,7,12,13,4,8,2,,1,7,8,1,10,9,13,14,23,9,3,1,7,14,15,8,7,14,9,13,2,1,4,9,2,13,8,,5,9,7,6,10,18,9,18,10,44,23,30,25,21,6,11,6,26,24,2,11,6,7,2,23,45,3,3,5,8,8,2,6,8,7,10,15,22,,,1,3,1,2,,8,3,2,6,,5,,14,3,9,13,3,4,9,2,5,6,6,,22,22,78,5,26,1,44,6,4,15,6,13,3,13,9,7,6,10,13,3,2,9,3,1,10,9,9,8,,34,21,26,15,10,4,46,19,8,6,10,22,8,11,22,17,4,14,3,5,6,,,12,48,10,18,8,58,22,9,5,16,48,23,,4,,6,18,2,2,22,22,24,5,,7,1,25,,10,16,9,35,10,4,12,,15,5,12,1,22,4,18,20,,7,18,10,12,25,15,3,61,31,8,18,4,3,2,8,13,14,8,16,25,10,4,10,13,7,19,9,19,5,1,17,4,5,10,8,22,19,4,1,3,10,27,10,18,16,32,25,14,5,6,18,21,15,5,3,1,,8,5,22,11,13,12,8,16,16,17,4,6,17,4,10,7,5,10,4,17,10,3,19,10,18,11,16,,7,2,9,2,12,2,5,2,,5,7,25,3,,14,1,14,,,16210
9월10일,,14,50,44,38,18,77,53,38,36,11,35,29,108,42,38,36,31,26,27,13,12,23,6,40,27,45,16,28,17,37,23,25,17,17,14,10,12,11,17,11,15,10,29,42,16,30,31,25,30,20,79,41,43,13,28,20,18,12,14,11,16,12,6,21,33,9,8,8,19,15,21,18,2,31,29,8,17,22,11,5,26,42,33,22,39,9,12,12,27,24,13,15,7,,17,33,18,10,14,7,68,19,28,29,19,33,7,10,19,15,7,3,12,32,35,32,9,16,9,14,32,16,33,4,25,3,5,14,15,18,19,21,10,9,16,12,37,30,56,19,15,9,20,14,9,3,11,8,28,29,48,8,14,15,10,12,20,21,15,1,5,31,22,30,28,25,21,14,23,21,6,14,10,31,19,5,27,14,20,4,19,25,12,15,31,27,30,17,7,12,8,33,20,13,12,21,24,36,19,41,16,30,13,21,26,14,19,19,8,12,14,17,27,54,22,36,14,20,17,18,11,16,15,12,13,7,18,12,6,13,15,5,5,14,21,6,22,16,4,24,5,14,7,15,12,9,13,8,4,12,11,36,5,20,20,11,13,25,17,23,45,41,23,31,10,10,3,7,,,29,62,85,30,27,29,4,12,32,16,27,29,29,18,37,17,23,9,18,22,28,3,3,3,40,16,26,18,4,6,21,18,23,18,28,51,19,18,7,20,30,21,10,23,10,14,12,11,4,14,16,30,24,13,22,9,2,32,,27,9,17,9,36,23,4,12,18,9,16,5,16,11,42,37,27,13,9,14,8,,,20,9,15,12,29,13,10,4,7,10,18,16,9,17,34,14,42,7,8,23,,21,22,8,13,2,22,24,25,29,32,6,,11,21,7,15,13,8,14,5,5,41,11,9,4,9,3,5,5,4,5,5,21,10,5,17,11,,16,8,9,2,13,5,13,6,8,8,28,7,19,12,18,15,7,26,19,12,14,2,6,15,19,29,61,20,11,18,14,26,31,12,11,13,4,5,12,7,5,10,17,12,5,10,27,14,22,25,11,12,8,8,6,13,14,27,26,18,8,12,3,16,8,10,18,4,6,1,9,10,2,13,3,1,4,17,19,9,,4,28,20,10,21,19,19,30,25,4,6,6,4,7,1,16,15,15,4,10,11,6,9,5,5,5,14,18,,7,20,15,4,13,35,53,13,6,4,9,13,15,8,16,15,35,16,22,9,6,2,8,32,25,12,21,,3,4,2,4,11,9,13,7,20,5,10,23,7,32,17,59,12,9,3,6,6,16,19,8,21,5,11,2,4,7,16,14,10,10,14,9,27,8,24,2,9,10,5,8,9,7,15,7,1,8,4,1,2,4,8,4,7,9,8,9,11,12,1,4,5,7,8,7,10,21,5,12,4,3,4,9,1,9,8,,7,4,10,8,9,23,7,12,12,23,11,19,11,15,5,9,8,14,21,1,5,3,6,3,21,20,3,1,8,10,10,2,9,4,4,7,5,16,,,,,2,2,,10,1,5,2,1,7,6,9,4,4,5,2,4,6,1,3,6,3,,21,11,52,13,19,1,27,3,2,11,5,9,1,21,10,4,3,1,9,9,4,4,1,1,6,10,4,8,,22,17,17,12,8,7,33,17,11,8,15,25,5,8,15,8,1,10,3,7,1,,,4,47,9,12,6,51,17,3,5,10,33,22,,7,,4,12,7,3,17,8,17,6,,3,,24,,17,16,12,23,15,3,6,,5,3,13,,12,3,15,18,3,9,11,12,13,7,6,7,45,27,7,14,3,4,4,1,14,5,6,13,24,5,5,15,17,9,19,7,20,3,5,11,5,2,5,6,10,12,4,3,2,9,18,12,13,11,21,25,10,3,2,29,8,14,4,6,8,,8,5,6,8,11,6,8,9,16,4,7,5,19,7,13,10,2,14,9,14,7,,13,5,16,11,22,2,6,1,5,2,4,4,4,4,,4,6,22,5,,16,,11,,,12774
9월11일,,14,65,32,47,24,68,52,31,37,13,56,37,142,61,35,27,23,33,23,23,18,33,7,43,52,60,23,33,26,35,14,32,21,15,21,8,11,24,17,17,30,29,24,57,27,38,35,20,34,27,57,29,32,26,25,19,8,21,11,9,17,15,15,14,23,12,7,8,21,21,20,26,4,46,37,7,13,29,23,1,19,35,29,30,12,16,9,14,37,11,17,17,14,30,41,42,28,21,29,43,91,36,33,59,48,36,31,26,46,37,26,30,36,39,52,51,46,29,42,20,42,27,39,15,52,2,11,8,16,9,42,26,18,10,14,23,39,33,80,26,8,10,14,14,17,3,5,9,30,31,45,18,36,26,18,8,36,19,27,15,17,38,43,37,43,41,18,31,21,26,18,28,18,52,32,14,31,19,59,17,31,24,19,24,31,32,29,35,29,26,14,43,28,22,11,31,32,35,43,54,16,34,30,49,22,11,20,18,10,26,22,24,35,68,32,39,20,27,12,18,22,23,22,19,19,1,12,11,10,23,15,12,4,11,48,12,28,18,18,17,18,23,11,19,12,21,14,15,16,20,29,49,13,25,36,13,19,39,20,49,44,51,14,45,6,12,4,3,,,42,46,51,28,36,42,17,12,33,50,12,29,38,44,44,17,36,18,13,24,37,5,5,10,58,17,32,13,6,3,10,10,30,19,21,67,21,18,7,19,23,20,31,17,12,9,13,5,3,18,33,28,15,14,18,39,1,44,36,54,4,44,8,41,22,5,13,19,23,22,7,15,16,54,45,23,7,16,22,20,,,26,6,19,15,24,9,15,7,14,11,32,7,19,31,41,18,71,11,10,14,,32,19,11,13,5,38,17,22,47,31,13,2,14,39,12,41,13,20,19,6,8,54,17,6,5,18,4,6,3,3,4,2,13,18,3,23,10,7,16,14,14,5,32,6,21,12,21,9,51,19,33,32,18,9,10,22,20,15,25,4,6,7,16,33,58,16,8,18,17,57,36,21,26,15,9,7,11,6,1,12,19,3,6,8,24,15,14,21,18,11,7,9,,22,16,11,19,19,8,7,3,9,8,16,22,6,5,,7,6,1,5,7,8,3,10,11,4,2,10,15,29,11,14,16,29,13,35,10,8,6,8,14,4,13,19,11,4,4,4,5,7,2,9,3,11,25,,4,17,23,5,12,38,72,3,14,9,14,14,6,9,12,14,31,18,16,4,5,4,14,31,17,12,14,2,5,5,1,20,11,14,8,6,13,7,13,27,1,40,35,66,13,2,11,7,3,17,17,12,27,6,7,9,7,11,17,10,10,5,12,9,30,11,29,2,8,13,3,2,17,9,14,15,1,9,5,,2,8,10,4,11,5,15,10,11,7,4,,5,17,17,6,8,20,4,12,1,2,4,7,,8,7,2,8,11,8,5,6,24,12,16,9,23,14,35,28,22,5,9,12,21,16,2,8,2,4,3,27,46,4,2,7,8,11,6,22,4,4,6,13,15,,,9,3,16,7,,9,4,10,6,2,4,3,9,3,5,8,5,9,5,2,9,9,14,2,19,21,59,3,16,,29,9,7,14,10,12,6,12,13,6,3,13,8,4,8,5,6,5,18,6,8,6,,35,27,27,9,15,7,41,8,4,7,23,37,10,13,10,4,,10,4,3,3,,,9,34,7,26,5,58,13,5,6,4,40,20,,7,,20,20,9,9,17,7,22,5,,6,5,21,,13,15,21,24,12,2,8,,9,8,12,4,31,2,8,16,3,1,7,4,16,13,7,4,35,19,15,20,5,6,5,5,11,5,2,22,35,6,9,19,15,16,34,17,25,5,5,6,8,2,4,7,34,23,8,2,5,4,18,16,8,13,41,27,19,6,13,37,18,13,7,6,10,,8,3,17,19,21,13,9,17,9,13,7,4,20,6,29,12,7,12,16,22,18,10,12,4,9,6,24,6,7,,3,11,6,19,5,2,,5,6,21,7,,8,3,11,,,15967
9월12일,,23,83,66,65,22,66,75,48,46,10,48,48,161,69,42,65,43,49,50,27,30,43,12,68,78,83,21,55,36,38,28,35,24,12,28,14,14,33,24,28,15,26,33,84,42,62,44,35,45,37,72,49,55,39,47,38,15,29,26,17,37,22,23,28,47,16,18,20,26,31,25,28,1,70,48,13,29,42,21,5,27,65,38,53,32,18,20,17,43,20,23,28,25,37,51,64,41,36,57,50,153,45,60,63,62,70,52,35,60,38,40,37,39,57,79,59,61,34,36,20,46,34,54,23,62,6,10,12,28,24,54,44,30,20,23,34,52,62,96,45,20,17,19,30,29,7,14,17,42,43,82,19,63,38,19,18,36,32,35,24,24,51,52,77,47,53,33,59,38,39,33,42,33,82,54,12,39,30,58,23,41,37,30,30,45,33,41,61,47,21,16,49,37,32,14,32,39,57,37,58,17,62,44,59,34,33,37,49,14,31,26,35,61,76,44,46,35,33,21,25,25,29,32,18,26,6,26,28,20,36,20,28,4,11,47,15,51,35,17,25,22,21,17,29,14,31,15,32,14,15,40,81,14,39,59,22,25,64,32,57,44,55,14,75,7,16,4,14,,,65,65,85,58,43,55,13,24,28,62,25,28,70,27,73,27,29,27,32,21,49,10,5,11,71,29,46,29,9,12,22,22,41,32,37,86,20,29,8,34,40,34,36,28,13,18,23,17,11,30,34,32,28,33,25,56,4,46,58,56,9,62,13,58,41,3,17,40,43,25,6,27,28,66,56,41,19,26,25,17,,,36,16,23,13,38,13,28,5,16,13,52,9,27,30,58,35,71,23,17,15,,37,24,17,11,3,41,52,44,53,39,14,21,14,59,9,55,22,29,45,10,17,82,29,18,9,26,7,11,8,9,6,5,32,15,10,31,7,4,29,25,25,4,38,14,31,10,25,13,55,13,48,44,23,21,19,36,38,26,37,7,19,24,33,42,73,24,12,35,36,59,54,16,16,21,10,12,9,8,7,22,27,14,6,16,40,20,20,28,18,10,16,12,,22,28,21,33,32,16,10,4,18,15,17,26,13,7,2,13,9,3,12,4,9,5,9,10,6,4,11,24,39,15,24,38,34,36,57,17,18,9,13,21,4,21,30,14,9,11,9,7,9,6,11,7,13,37,,8,26,38,11,16,49,61,21,16,10,16,31,16,35,23,21,42,36,19,11,12,5,17,44,12,20,20,6,5,4,2,23,24,21,15,4,21,15,23,52,7,57,44,58,14,11,14,5,5,19,34,10,32,16,16,10,6,12,18,10,8,3,20,13,38,26,30,3,12,18,3,5,11,16,14,10,2,9,4,1,1,7,10,9,25,10,17,18,26,7,,3,11,22,17,17,16,27,13,10,3,3,4,13,3,12,19,2,12,9,5,11,8,28,12,17,13,32,28,38,44,23,7,11,16,38,16,2,6,3,5,3,29,35,5,7,6,18,9,6,21,11,6,12,14,28,,,11,4,13,6,,9,8,4,4,1,4,3,11,5,11,17,2,8,7,3,11,16,19,4,24,21,86,13,34,2,44,14,6,15,13,15,7,42,22,13,5,14,13,4,7,8,4,3,20,10,7,14,,62,34,34,20,16,12,46,25,16,21,33,44,12,20,19,12,5,20,5,5,2,,,14,47,10,34,10,93,38,8,12,17,45,24,,9,,20,24,12,11,20,17,29,8,,14,6,30,,19,24,25,59,21,6,11,,9,8,19,3,34,3,25,24,2,5,17,6,23,16,10,13,50,28,19,17,7,8,8,9,20,20,7,28,33,12,19,25,15,15,37,23,29,7,8,28,18,7,15,12,27,37,12,4,9,8,34,11,14,16,31,37,24,10,14,49,21,25,15,12,6,,15,9,18,16,18,10,13,18,16,8,12,8,25,7,33,15,17,24,21,27,16,3,18,11,12,10,24,7,11,,4,4,21,19,5,1,,12,6,17,11,,19,5,11,,,22554
9월13일,,22,101,58,58,37,69,83,41,43,16,54,55,166,78,55,58,46,47,39,35,25,47,14,62,47,84,26,32,48,32,32,34,30,10,29,20,14,25,21,34,33,30,28,79,37,58,57,40,43,34,77,49,53,37,43,51,28,31,24,17,33,12,18,42,27,18,21,21,28,27,20,34,2,73,52,9,15,61,30,6,26,83,31,40,26,23,22,24,50,13,29,24,18,23,41,60,41,26,40,56,141,51,52,69,71,73,59,26,46,45,38,35,45,55,92,62,45,23,46,22,58,38,70,21,57,3,9,15,32,30,75,47,25,30,20,31,60,62,111,30,29,13,28,24,31,6,7,13,35,48,104,24,53,35,21,16,55,39,18,14,18,60,49,76,75,65,36,48,49,32,25,52,44,89,41,19,65,40,62,20,59,40,21,33,49,43,52,48,50,26,18,69,37,32,25,37,44,77,43,73,23,46,40,70,41,25,33,46,15,27,42,33,48,97,48,45,36,38,21,24,19,36,28,14,21,3,26,34,8,49,19,19,10,11,36,17,51,31,16,20,17,28,26,29,24,33,32,26,12,23,46,81,16,33,54,17,32,72,35,61,34,56,17,71,7,14,9,11,,,50,91,91,42,53,76,12,28,34,62,24,30,59,37,49,20,46,27,33,31,47,5,5,10,43,33,51,29,5,9,30,21,35,32,32,83,20,22,9,41,45,38,23,29,14,17,22,18,7,36,36,45,23,39,22,57,4,77,62,63,11,56,14,75,41,6,13,32,44,27,12,31,29,43,58,35,11,21,28,15,,,41,10,36,18,36,9,24,7,17,15,40,17,24,27,52,40,94,24,18,20,,36,26,22,23,5,52,51,43,72,42,13,18,36,42,15,42,25,20,46,10,19,66,19,15,13,21,6,8,7,9,9,8,33,14,17,34,12,9,23,21,18,8,35,14,22,12,20,19,56,19,47,39,34,17,8,32,44,21,42,8,21,17,35,37,82,24,17,30,33,53,55,29,31,21,8,8,14,14,5,11,28,8,8,12,36,27,21,37,14,17,13,11,1,10,27,32,33,31,10,11,5,25,18,21,30,11,16,,12,7,6,9,8,6,13,12,19,12,5,24,27,40,16,32,30,24,37,56,17,15,21,14,24,4,21,20,15,12,4,11,11,9,4,9,9,7,37,,9,28,41,8,14,55,83,28,19,14,21,24,18,16,26,35,38,35,35,13,10,7,15,45,16,17,18,2,5,2,2,17,22,20,19,10,30,23,11,41,7,68,43,82,14,9,21,11,6,32,31,15,35,14,17,16,12,14,23,17,15,11,21,13,39,16,41,3,8,17,4,11,10,16,19,21,7,15,5,3,2,10,6,6,14,7,19,16,21,17,1,5,14,24,20,12,11,26,12,9,2,3,2,10,3,15,12,3,15,10,15,12,13,28,18,27,17,38,44,57,34,28,3,12,4,35,14,2,6,5,5,7,38,49,8,6,12,16,9,7,23,10,6,14,18,26,,,11,4,10,9,,11,5,5,4,2,8,3,9,4,8,10,9,8,8,4,10,21,20,1,27,32,100,11,39,2,40,18,4,18,8,26,8,37,15,5,13,16,18,10,4,7,3,3,28,9,16,12,,47,28,36,16,26,19,44,31,14,8,23,39,10,20,24,13,7,14,9,4,1,,,18,62,13,31,9,83,35,10,14,11,43,24,,8,,20,22,15,6,27,13,34,7,,13,10,34,,15,27,27,37,14,6,10,,8,8,20,5,32,4,19,33,5,11,17,11,26,21,13,9,53,31,13,21,4,7,6,5,23,12,10,23,35,10,17,30,19,15,39,19,35,9,7,27,15,7,13,10,38,45,12,,8,18,27,17,24,11,43,35,28,14,16,37,15,22,17,10,7,,15,11,29,23,18,19,15,26,14,7,10,15,28,8,39,14,13,12,15,22,22,10,24,8,16,13,35,3,13,2,1,15,23,33,9,1,,11,8,32,8,,21,6,17,,,23412
9월14일,,11,90,56,48,31,66,66,41,45,14,46,66,155,79,55,60,34,46,41,30,31,48,11,63,69,77,20,60,43,48,27,33,31,23,30,20,24,32,21,31,40,34,40,80,40,48,47,44,41,38,90,61,59,33,47,47,28,26,29,20,33,20,22,32,38,16,22,14,27,28,27,37,1,58,45,12,21,52,22,6,41,92,46,41,26,26,21,25,47,17,21,25,31,33,40,83,21,43,40,45,141,54,61,76,68,61,35,32,43,51,38,30,40,41,81,49,60,30,62,19,53,33,74,17,48,10,10,15,30,22,56,48,34,20,22,22,61,46,93,22,10,24,33,31,29,4,14,14,40,46,80,17,47,38,32,18,39,23,19,16,26,60,46,81,63,62,36,52,46,48,23,42,32,89,58,22,48,32,65,24,48,37,25,32,51,49,53,51,42,33,30,68,36,29,13,34,59,69,46,62,25,47,36,74,34,32,27,37,12,37,47,48,46,95,43,53,35,33,24,20,29,44,26,19,19,1,26,19,16,38,20,21,5,17,44,19,58,28,16,22,18,15,21,24,16,31,32,31,18,16,49,78,17,33,48,18,30,67,30,64,50,58,11,76,9,18,13,8,9,3,70,67,80,47,39,66,22,34,23,59,24,30,70,44,61,15,48,31,34,17,42,5,6,9,65,30,51,27,8,8,23,19,41,36,36,104,26,19,15,37,47,43,36,30,12,20,14,12,6,33,47,59,31,32,30,64,3,46,74,59,15,43,14,57,38,4,13,28,46,27,6,33,23,60,69,43,19,22,36,22,,,51,11,28,18,39,8,24,9,20,19,31,14,31,32,60,19,90,28,13,23,,35,28,18,15,1,61,41,48,73,36,16,30,38,45,17,40,24,25,37,8,14,88,26,10,9,23,6,8,6,12,10,6,32,16,11,29,16,8,29,29,23,4,33,14,30,7,20,15,73,16,49,41,29,21,14,52,36,30,37,11,16,15,29,58,85,26,17,36,30,51,52,26,24,28,16,21,13,17,2,16,27,16,7,14,23,28,21,37,9,11,7,13,,20,24,27,39,32,7,5,6,24,16,18,29,13,12,2,12,14,3,9,5,4,9,19,19,9,4,18,28,43,18,31,33,28,37,49,22,8,15,7,21,8,17,21,19,6,10,10,17,11,6,10,6,13,34,8,8,27,38,10,11,61,87,25,26,11,16,34,20,23,19,40,28,27,38,14,9,6,16,41,23,29,23,5,2,5,8,25,19,15,22,8,23,15,22,43,11,63,44,74,15,12,10,13,4,19,28,15,29,19,13,7,9,11,23,9,14,6,26,8,41,12,35,3,11,20,7,7,14,11,13,20,2,11,5,4,4,10,10,6,13,11,24,20,25,12,1,4,15,24,16,14,14,23,12,10,6,5,5,18,6,13,11,3,13,8,13,14,8,44,14,24,18,26,27,34,30,23,3,13,14,23,24,5,7,3,9,4,32,43,8,4,4,13,7,7,25,9,6,12,16,30,,,13,1,19,9,,12,5,3,5,3,2,4,11,5,6,17,5,15,10,2,11,19,11,3,23,23,85,15,28,5,62,11,2,20,9,16,6,27,22,19,5,13,20,9,9,21,5,4,26,8,15,10,,57,23,29,16,23,8,56,27,19,21,5,36,9,26,19,17,12,20,2,7,4,3,,16,57,25,37,15,86,25,7,13,15,43,27,,5,12,13,17,15,6,30,12,41,6,,11,12,35,,9,23,20,48,14,4,18,,6,9,19,4,39,8,16,22,2,1,21,13,26,9,12,11,59,35,10,24,5,10,4,8,14,8,10,24,42,10,17,31,26,23,41,26,39,5,8,26,13,11,15,13,28,50,9,2,7,17,25,20,22,13,36,44,46,16,18,34,25,21,11,7,10,,13,8,24,28,14,8,19,19,20,13,8,20,21,9,35,19,14,25,13,28,10,8,26,7,20,8,35,5,15,1,2,9,25,21,9,4,,13,6,33,11,,18,3,17,,,23432
9월15일,,16,92,63,56,39,76,67,33,43,19,42,63,179,69,51,60,40,33,46,30,20,51,16,45,64,87,17,35,32,51,29,41,22,27,27,17,20,31,22,22,35,46,37,88,32,63,63,42,31,42,104,61,53,35,43,41,20,33,25,19,35,14,17,33,43,23,9,15,33,34,23,45,1,50,50,9,18,47,31,10,41,76,48,36,32,21,18,23,52,28,22,25,21,40,46,68,49,37,42,62,168,39,47,66,54,64,47,32,51,50,33,40,29,53,87,52,43,40,58,30,58,33,66,17,53,8,14,16,29,28,47,55,35,15,15,31,55,53,101,42,27,18,26,28,25,7,17,16,50,52,102,21,51,41,22,11,47,33,36,19,20,56,58,61,93,58,33,57,43,40,27,29,37,78,60,31,64,33,72,14,50,43,15,32,47,39,48,36,54,38,14,63,37,31,22,49,47,62,43,90,21,56,43,71,37,21,35,49,10,33,46,48,46,99,55,64,38,40,21,23,32,44,35,21,18,3,26,28,15,32,12,22,11,15,40,16,51,33,14,30,22,32,15,29,27,31,26,25,11,19,57,83,15,39,62,23,28,81,34,54,34,74,19,78,7,18,2,8,9,4,69,99,88,36,44,58,21,29,24,74,24,33,62,50,69,20,47,24,27,34,41,9,3,9,59,31,62,28,8,6,24,18,34,35,28,102,26,23,8,26,53,38,32,34,10,25,14,11,7,28,32,55,38,47,26,58,3,57,64,66,14,54,12,73,34,5,17,27,51,31,4,26,23,67,75,41,12,19,23,17,,,35,13,32,19,39,8,28,4,24,15,28,17,23,33,61,27,70,18,14,16,,43,29,15,16,5,52,37,35,59,50,9,21,32,46,16,46,18,36,27,12,13,55,36,25,17,21,7,11,6,2,4,11,28,14,10,31,13,8,33,33,21,8,31,17,25,19,28,23,61,14,46,34,26,13,12,50,30,23,32,8,18,19,44,58,86,20,18,20,36,55,48,22,26,26,10,10,19,12,7,15,31,10,6,19,34,30,27,30,6,9,12,10,3,14,21,23,25,35,14,11,3,21,13,19,27,10,6,2,17,10,4,9,4,9,12,13,19,9,2,18,31,39,25,33,32,20,28,47,22,10,15,8,17,7,21,19,15,4,12,18,9,13,7,11,7,17,34,12,15,28,40,6,14,67,78,41,19,18,22,39,15,17,24,29,35,39,35,8,10,8,16,57,32,24,23,7,10,4,4,17,20,19,10,6,29,16,17,49,10,66,39,80,14,11,15,9,3,18,33,9,36,19,15,5,10,9,27,18,18,5,19,14,47,13,45,2,12,11,8,2,10,18,20,18,3,11,6,8,2,11,2,9,13,7,18,17,23,14,3,10,12,23,15,18,20,24,14,7,7,6,3,21,1,10,7,7,10,10,7,12,13,40,23,23,13,36,38,48,30,37,13,15,12,31,19,5,8,7,10,5,39,60,8,13,6,19,16,5,25,11,10,11,16,23,,6,6,3,10,6,,8,6,4,3,1,4,6,22,5,7,20,9,10,8,2,11,12,18,3,22,29,100,10,39,4,54,8,11,27,13,18,9,36,13,7,6,24,15,8,9,12,3,3,22,10,9,11,,51,34,24,14,23,13,59,32,17,19,,26,11,12,20,12,10,13,5,2,5,5,1,18,63,18,28,8,94,23,9,7,13,55,38,,4,6,8,18,15,7,24,27,31,10,6,5,3,39,4,3,32,25,50,11,6,14,,10,4,19,,29,2,20,18,4,6,17,11,27,22,13,17,63,30,16,26,8,14,8,9,16,22,8,21,45,4,10,32,21,18,39,21,39,3,9,28,15,10,17,13,29,57,9,2,7,10,33,23,23,15,46,47,26,13,16,43,20,22,11,20,2,,15,7,24,20,13,15,12,20,13,16,9,8,23,11,21,14,16,22,21,29,13,7,22,11,15,10,43,4,15,1,4,8,19,16,5,1,2,10,6,22,7,,13,5,11,,,23704
9월16일,,21,69,48,39,34,76,64,36,49,11,58,41,164,66,39,49,42,34,31,22,14,36,7,42,44,60,19,55,39,38,21,42,28,19,14,13,11,21,12,18,34,24,28,72,25,42,31,31,46,32,98,43,43,31,29,50,19,20,20,11,35,10,12,40,36,12,11,11,27,17,32,21,6,39,37,7,16,33,15,14,41,68,43,28,47,11,17,21,28,21,10,12,10,,15,32,13,7,18,24,96,35,33,39,19,23,22,26,36,18,8,4,15,48,45,18,23,6,15,19,40,13,45,9,35,8,8,15,19,22,34,23,24,16,18,26,50,32,81,36,20,18,10,25,24,11,16,13,38,39,57,13,20,19,20,11,50,29,21,3,14,42,28,39,64,26,25,15,29,16,12,22,20,52,23,19,37,26,30,9,33,26,24,22,24,32,39,32,22,6,12,45,25,16,7,23,52,64,37,49,21,41,16,58,32,27,36,39,10,18,26,33,29,77,19,39,18,25,18,28,15,16,12,18,31,2,17,20,12,39,12,3,3,8,46,11,25,20,11,27,19,23,8,29,19,21,14,13,6,15,17,42,12,21,33,16,15,35,12,42,55,73,24,43,15,8,10,7,12,5,43,87,101,49,34,44,8,21,12,41,32,43,36,29,39,26,37,11,20,32,39,3,5,2,45,22,29,20,4,10,25,11,38,19,31,77,21,20,9,27,39,27,24,28,14,23,20,4,6,27,30,49,26,15,20,15,8,57,26,53,13,34,12,51,23,6,19,28,21,29,5,19,11,73,40,27,16,8,32,16,,,31,6,21,17,47,13,13,9,13,4,28,15,19,23,41,26,59,19,12,25,,34,19,12,20,7,27,30,36,47,26,6,20,13,41,20,56,12,12,21,8,9,45,19,16,5,14,10,6,6,3,10,7,33,16,7,21,9,5,28,16,19,11,36,11,34,18,19,15,57,11,36,38,23,22,7,47,23,13,20,11,11,13,23,45,76,20,10,42,30,59,43,36,21,18,15,9,12,15,7,15,23,13,5,12,31,27,22,42,19,7,14,13,,15,23,25,24,13,8,13,5,21,23,13,20,10,13,1,4,9,6,11,6,7,7,16,24,7,1,17,19,23,19,34,28,28,28,53,21,10,20,13,14,5,4,14,15,4,9,18,7,10,7,19,1,18,38,12,4,13,41,9,19,52,73,34,23,17,20,18,17,20,18,24,46,46,37,4,7,5,10,28,26,23,24,2,9,3,1,14,20,14,12,16,27,16,31,35,10,52,11,61,11,4,7,5,6,21,28,8,23,11,9,3,3,12,17,12,18,7,26,11,40,13,36,2,12,18,6,9,12,10,20,14,2,9,6,2,2,9,9,8,10,4,23,18,13,13,3,2,5,23,12,10,11,27,7,12,4,1,4,13,1,11,8,5,6,9,13,17,11,24,17,18,12,39,27,33,33,33,8,12,14,27,27,6,10,4,4,4,26,48,7,8,5,16,8,7,20,4,7,8,24,29,,4,2,1,7,2,,3,3,2,5,6,4,3,13,2,6,9,2,11,9,2,7,5,8,1,13,16,86,7,27,4,34,7,7,23,9,16,2,19,8,6,7,12,9,11,8,13,4,6,17,10,11,,,44,25,30,19,12,11,56,30,21,16,,28,6,17,14,13,8,9,5,9,1,7,9,11,62,16,21,8,79,28,5,9,1,66,23,3,11,5,8,25,5,10,19,12,21,10,11,5,10,30,3,,30,16,38,12,5,17,,12,7,12,7,27,7,18,23,1,5,11,7,17,19,9,14,80,34,9,15,5,4,5,5,8,18,6,32,33,5,6,11,16,7,24,11,29,9,10,13,5,7,4,9,22,27,3,1,4,15,40,10,27,15,38,26,23,6,2,19,23,14,7,9,5,,13,10,14,15,15,6,7,24,17,12,5,13,22,3,14,13,6,10,12,31,11,3,20,8,9,15,19,7,15,,4,4,11,12,11,5,1,2,11,35,5,,16,1,10,,,18253
9월17일,,21,78,55,36,23,93,57,27,39,14,61,34,139,44,51,52,30,32,29,10,21,29,5,51,48,59,20,43,30,36,36,22,27,23,17,10,17,18,18,18,21,27,25,65,19,40,41,30,39,34,105,43,49,37,21,39,24,14,13,11,24,13,11,21,33,14,10,14,22,18,25,16,7,39,32,5,14,24,13,17,41,51,29,39,41,11,27,13,28,25,10,11,14,8,21,46,15,15,15,25,104,24,26,37,27,31,10,26,24,14,10,10,18,31,45,37,26,14,25,29,37,22,28,8,46,10,5,10,16,14,31,33,11,13,15,27,42,20,57,35,11,14,12,22,10,7,12,5,37,31,59,19,26,14,8,16,36,24,30,4,13,31,26,41,49,22,15,22,22,22,8,13,10,26,23,14,28,27,31,10,23,15,29,16,22,28,29,28,15,5,6,30,22,10,14,37,26,33,27,57,14,48,12,48,37,20,23,33,14,26,23,30,35,56,32,42,19,22,15,21,22,21,12,18,24,2,17,14,7,20,11,7,9,15,44,10,21,16,8,21,5,15,13,26,15,14,9,12,12,14,18,41,12,18,29,15,16,47,6,12,87,76,13,40,10,12,2,8,10,7,52,91,116,37,35,47,8,13,10,38,28,41,47,28,47,19,33,16,28,27,35,5,6,4,53,11,32,23,6,9,26,14,29,16,39,65,26,17,16,34,28,25,13,17,8,17,15,10,4,16,29,42,18,22,18,9,4,61,30,58,9,31,17,48,31,7,13,21,13,23,9,18,14,53,31,28,12,8,45,6,,,27,12,25,14,43,11,14,6,12,11,29,20,17,40,30,15,51,14,10,22,,30,26,15,15,5,21,30,33,56,28,9,21,13,41,15,34,18,12,16,12,15,83,18,14,7,24,3,11,4,12,5,6,38,12,5,29,11,4,21,19,16,7,37,16,27,10,21,20,54,13,33,25,20,22,5,68,23,15,19,10,14,23,34,44,77,17,7,23,30,60,54,20,25,14,8,10,15,12,7,11,29,8,3,10,31,23,25,32,18,6,12,8,3,15,14,25,25,18,12,18,5,22,19,23,30,7,14,1,6,9,3,13,5,3,7,18,23,3,4,13,21,21,18,34,11,21,36,44,14,13,8,5,17,9,,20,13,5,10,15,6,11,8,6,5,27,19,6,5,14,22,8,15,50,56,37,33,13,8,36,15,22,17,30,52,28,21,7,4,4,14,38,25,17,19,1,12,4,5,7,17,25,9,7,28,9,14,27,7,57,34,76,15,11,7,4,3,21,27,11,26,7,14,4,4,18,22,17,17,10,25,12,45,14,27,,8,10,2,10,13,7,11,18,4,5,2,4,3,7,8,6,6,3,5,18,18,8,2,4,6,19,17,7,12,26,8,8,6,5,8,8,2,14,15,4,5,10,16,14,15,21,3,20,11,22,27,30,26,34,10,10,13,22,30,5,8,8,8,3,29,41,5,11,4,12,4,3,24,8,6,5,9,26,,2,2,1,3,1,,4,,3,3,4,9,2,10,4,14,17,3,7,5,3,2,6,4,2,19,13,63,5,24,4,38,6,7,23,4,16,4,20,12,9,5,12,7,8,6,6,3,3,14,8,4,5,,56,22,19,8,19,15,38,24,10,14,,36,9,13,19,11,9,22,3,9,1,5,4,9,44,17,18,11,70,34,7,8,10,46,22,11,8,7,16,28,8,8,23,8,35,5,11,4,6,39,1,,21,22,31,9,8,14,,9,4,15,1,23,4,16,23,1,6,13,8,13,23,8,12,73,26,14,19,3,14,3,5,7,8,4,26,20,10,6,23,14,12,18,11,23,10,4,12,8,6,10,5,13,29,2,1,6,15,41,8,20,12,40,27,11,9,4,18,21,15,8,7,9,,14,11,14,10,3,12,9,11,16,11,8,9,13,6,22,7,8,12,16,10,13,5,14,8,12,18,21,3,14,,12,5,5,10,1,1,6,5,9,31,4,,13,3,6,,,17163
9월18일,,23,99,48,54,36,88,71,45,55,12,63,57,163,80,53,56,41,48,54,23,36,41,20,57,64,86,19,55,46,36,25,34,31,27,21,21,11,39,17,20,40,45,50,96,32,90,56,35,39,23,86,56,50,37,49,41,26,17,29,19,26,14,22,35,43,26,18,8,39,35,25,52,10,49,55,10,18,36,33,9,29,64,45,49,26,27,23,25,56,22,18,21,20,30,64,71,63,32,47,50,174,49,83,91,72,62,37,30,72,55,25,34,36,48,83,56,80,29,44,18,61,27,73,23,65,5,15,13,38,22,49,58,30,18,27,40,65,54,115,42,24,19,29,25,30,4,19,20,41,36,78,24,55,40,29,18,48,30,37,31,24,60,61,70,81,55,32,51,45,51,29,58,42,60,62,19,54,35,77,31,54,44,31,38,67,49,44,52,37,41,23,68,47,29,17,50,42,54,34,73,19,46,41,56,30,42,34,36,15,32,36,51,49,83,53,51,23,43,20,21,25,39,33,19,16,3,27,25,18,51,17,15,15,13,50,14,48,29,21,20,31,30,18,24,21,40,20,30,21,28,45,94,17,33,55,33,27,76,35,76,45,54,18,69,7,20,8,13,23,8,65,80,110,49,49,65,18,35,25,70,18,46,86,55,56,27,65,22,38,41,53,4,4,9,72,34,49,35,10,8,25,24,45,25,38,101,18,26,10,30,38,39,44,30,20,19,26,14,6,27,47,44,24,50,32,68,6,70,74,60,12,57,14,44,36,4,15,36,47,37,9,23,21,63,60,50,22,20,25,23,2,,33,11,32,22,39,7,23,8,25,11,37,13,24,43,59,31,73,28,17,27,18,42,29,30,21,6,51,42,41,73,36,15,27,30,44,14,43,32,21,33,5,14,93,33,20,16,34,6,6,7,4,11,7,27,21,14,37,6,11,28,30,18,9,29,15,24,11,36,18,66,23,47,37,43,24,18,52,26,29,32,12,15,22,38,49,90,25,11,33,41,53,57,31,23,30,12,14,13,13,4,20,20,11,5,15,37,21,24,41,14,16,8,18,1,22,17,31,40,27,12,10,3,18,18,27,29,8,13,2,8,8,3,14,5,10,7,5,15,14,4,13,32,27,16,27,30,30,29,63,14,18,16,8,20,14,,21,12,7,6,19,12,9,8,14,5,16,43,12,6,28,41,7,18,63,88,31,27,13,29,23,21,27,34,31,49,28,41,7,10,8,16,48,26,24,24,6,8,2,5,24,21,16,15,14,26,17,20,48,7,59,37,76,15,12,8,11,1,19,36,13,40,19,19,11,10,16,23,23,21,1,23,8,45,15,40,3,9,16,5,8,11,11,19,12,4,5,10,7,3,14,4,6,19,13,15,24,21,13,4,9,15,25,19,15,19,31,11,7,5,3,8,10,2,14,12,1,10,11,11,16,14,29,18,28,13,32,38,57,32,33,10,25,12,23,17,10,8,5,2,4,33,54,9,10,12,23,13,7,27,11,10,10,13,33,9,13,11,5,12,5,,7,7,6,5,3,10,7,15,3,12,22,2,9,14,4,12,27,17,1,26,26,69,9,39,2,53,13,9,29,9,16,5,23,10,11,7,23,12,11,9,11,7,3,27,12,16,14,,63,34,39,13,18,11,63,25,17,25,,50,14,19,16,13,7,20,5,3,,4,5,13,70,20,29,5,88,20,12,11,17,42,26,23,12,5,11,17,12,6,19,17,37,4,14,13,13,43,15,,30,24,45,21,5,12,,10,10,18,2,25,5,16,24,2,7,10,9,29,13,12,7,61,28,19,19,7,10,7,11,20,16,5,20,37,12,14,25,27,18,34,24,48,10,11,22,17,11,9,13,32,50,12,1,9,17,34,17,17,16,32,33,31,8,23,43,21,20,16,6,9,,18,13,23,26,,24,21,23,11,22,9,21,22,10,36,18,11,13,21,38,25,12,29,11,14,14,36,3,22,2,7,10,20,18,4,2,10,14,7,34,9,,11,6,16,,,24578
9월19일,,19,58,42,58,22,48,59,31,34,13,29,40,135,53,30,58,35,35,30,25,20,49,10,39,68,63,21,34,37,30,21,35,22,18,24,17,25,24,26,23,23,23,37,59,28,42,47,30,42,23,52,45,43,35,35,32,20,26,23,19,29,15,14,41,41,19,10,12,26,27,16,39,3,54,49,13,19,38,25,8,12,64,32,20,22,21,25,16,38,16,11,22,14,25,42,46,40,31,27,32,109,48,51,65,59,51,38,19,58,37,31,27,36,46,70,38,47,20,46,10,36,22,55,18,70,11,12,20,28,17,52,40,25,17,21,35,53,49,88,20,10,17,17,17,14,8,9,6,27,42,72,18,44,36,24,15,31,17,21,13,12,39,47,43,46,59,43,37,44,51,35,43,46,77,50,14,36,25,58,16,35,35,25,32,47,42,58,57,44,44,20,48,32,29,20,49,40,41,28,61,18,50,28,52,32,23,29,41,11,29,33,45,46,81,43,44,26,26,29,29,30,36,27,17,17,4,18,22,16,35,18,11,4,11,41,12,50,30,14,20,17,27,13,26,19,22,21,23,12,24,46,70,17,38,55,18,18,67,18,51,34,50,8,68,8,11,5,6,17,8,52,48,61,30,35,49,9,31,18,51,15,25,49,38,56,18,37,19,12,31,37,3,2,7,36,29,42,30,4,10,19,16,37,29,30,74,15,12,6,28,39,33,26,32,12,19,18,12,5,26,28,28,34,39,19,49,3,44,64,43,13,51,11,54,19,5,16,21,39,29,4,13,20,37,45,31,20,23,19,13,14,7,51,10,19,17,38,10,23,4,16,15,30,8,19,33,53,22,43,20,13,24,45,33,27,16,12,6,34,35,37,67,33,17,22,22,38,16,25,18,15,31,14,12,64,20,13,15,17,5,6,5,7,8,10,33,12,11,28,8,5,18,21,20,1,23,5,22,6,18,12,48,6,27,21,17,13,12,19,23,26,29,6,16,14,28,40,59,15,7,30,25,42,41,18,22,19,5,7,10,13,3,9,25,14,2,14,25,16,23,26,10,9,15,13,1,13,15,23,17,19,7,6,3,15,12,16,24,10,11,1,7,10,4,10,3,4,10,8,10,7,1,13,21,23,20,25,37,17,27,35,20,12,9,5,14,3,,17,17,6,6,15,5,11,8,7,10,19,20,9,8,21,33,6,12,43,51,36,15,11,16,24,14,19,23,36,24,20,26,8,5,4,8,34,9,16,19,6,7,3,1,20,22,11,14,4,21,14,10,33,7,51,37,72,11,11,14,9,4,14,21,16,36,17,11,7,13,14,14,7,16,7,15,8,32,11,23,1,8,11,9,8,5,12,15,14,3,13,4,3,3,12,5,5,12,5,18,11,12,9,2,1,11,18,12,14,16,19,8,6,3,1,2,10,,11,8,1,11,9,6,14,11,24,7,8,11,29,23,43,33,20,6,14,16,23,20,6,5,3,7,4,24,40,7,8,9,20,6,6,12,5,3,5,11,16,10,7,9,2,15,4,,8,3,1,1,2,7,6,14,5,8,12,4,8,5,4,7,8,11,3,26,28,65,11,33,3,43,9,2,21,16,14,5,25,12,13,3,13,13,4,9,9,1,,14,10,8,8,,33,22,25,14,15,15,43,26,11,18,,22,11,15,10,15,6,8,5,3,1,4,4,11,51,7,29,11,64,23,10,13,20,40,19,22,5,8,9,14,13,9,20,11,29,5,11,17,8,27,14,,28,19,44,12,4,7,,8,7,12,2,29,2,16,25,5,1,10,9,19,15,5,11,28,20,10,20,3,10,7,9,17,15,2,15,33,9,17,15,16,12,34,20,25,4,5,20,15,6,11,9,23,41,12,1,2,10,22,20,17,18,20,30,27,11,13,24,8,19,14,8,4,,18,7,27,17,5,13,15,18,6,16,5,8,13,7,36,11,5,16,13,27,20,6,23,10,12,11,24,6,12,3,3,3,14,15,4,2,12,12,11,35,3,,13,6,15,,,19165
9월20일,,22,89,43,68,40,80,95,45,58,23,54,56,187,75,60,58,47,46,42,26,25,42,26,65,66,78,22,58,45,34,39,47,34,28,33,16,18,34,25,27,38,36,38,84,44,73,56,44,50,40,87,60,41,48,47,51,26,29,33,22,43,22,21,37,42,17,12,11,38,36,25,54,5,66,47,8,16,57,26,3,29,80,41,35,29,32,29,26,45,23,18,26,26,39,56,60,23,64,55,48,172,36,51,83,54,76,53,21,64,57,39,36,41,62,99,53,63,47,63,28,65,36,60,21,48,6,10,18,38,16,62,54,36,29,29,32,62,59,90,36,18,19,23,34,29,8,9,17,56,51,96,28,44,49,22,17,57,40,31,21,30,64,65,76,86,73,34,57,41,45,34,63,39,73,56,23,44,46,69,33,54,59,25,44,62,69,45,50,55,42,25,45,45,37,17,48,54,77,37,68,22,44,48,61,41,24,48,41,15,34,39,56,64,113,61,61,45,33,24,30,28,34,39,27,21,5,28,29,25,46,17,22,4,15,54,18,59,34,17,23,28,24,25,29,24,35,24,33,15,33,65,100,20,41,73,30,40,97,45,89,48,64,12,83,12,25,12,13,31,7,62,67,94,43,53,74,19,33,32,64,17,47,69,46,84,25,49,34,32,37,40,8,4,8,68,40,66,28,9,5,24,18,49,25,28,104,18,28,14,26,38,34,34,36,10,16,21,19,6,38,41,39,29,42,31,55,5,65,74,70,15,58,21,66,47,10,24,42,54,32,7,28,27,59,60,48,18,25,27,23,39,3,56,12,43,21,42,11,33,10,22,13,37,13,31,38,51,33,48,19,16,26,43,31,35,20,16,11,46,47,44,73,42,21,24,23,30,19,50,24,21,37,8,17,73,29,13,9,14,8,9,8,7,9,8,41,14,15,38,15,14,38,27,28,9,41,12,25,14,28,18,69,19,45,33,51,21,20,58,36,29,47,5,13,18,28,51,91,23,18,45,31,50,60,22,31,29,15,8,14,16,5,21,32,11,7,17,38,20,19,27,12,13,14,13,2,30,23,37,36,29,17,11,5,26,22,23,29,7,17,1,13,13,2,13,6,5,10,9,21,11,2,18,33,32,22,41,33,30,34,53,22,11,17,16,12,13,,16,19,7,12,17,16,4,9,8,9,15,38,21,11,27,35,11,20,50,80,55,22,11,21,26,15,24,28,40,43,34,42,8,5,6,20,43,23,27,31,3,9,6,4,18,25,11,19,14,27,16,28,50,11,60,35,92,13,11,11,15,4,17,27,11,47,17,18,11,4,16,33,20,13,8,23,12,44,20,29,4,9,19,9,9,10,13,23,14,6,11,3,3,2,15,6,7,17,5,15,19,15,16,2,4,7,22,19,16,16,29,13,16,7,3,6,15,3,9,12,5,15,14,17,12,16,42,23,22,16,41,42,50,31,38,7,18,22,36,21,6,8,9,5,5,41,64,6,11,10,16,15,8,28,17,7,13,26,39,16,8,15,5,23,7,,7,4,6,3,3,9,5,16,6,12,19,3,6,14,4,8,22,11,1,26,30,88,9,35,3,60,10,9,25,19,20,9,37,18,12,11,20,24,11,10,14,7,4,20,16,11,16,,68,39,45,18,26,16,72,31,15,19,,59,10,24,15,13,10,16,6,4,4,8,5,20,66,23,47,7,93,41,10,18,19,50,32,21,19,14,8,23,10,6,21,9,44,4,21,12,10,18,6,,20,20,47,26,3,13,,11,7,20,3,26,4,19,27,6,7,16,13,29,18,14,5,71,34,17,25,3,9,9,5,26,19,8,26,52,14,14,34,22,20,52,23,42,8,10,23,17,10,10,12,30,53,10,3,6,18,46,18,21,21,44,52,28,20,13,24,25,11,16,17,14,,15,16,23,24,21,16,12,20,16,15,9,19,21,9,39,19,11,19,28,31,17,6,25,13,20,10,44,4,20,,7,7,18,31,8,,19,17,10,32,9,,17,5,15,,,25772
9월21일,1,24,92,65,61,31,81,77,50,53,18,45,46,188,75,64,62,40,43,45,32,19,50,20,53,57,75,25,57,42,48,37,45,29,16,24,17,29,34,27,31,26,39,32,105,49,62,61,41,44,42,72,72,52,46,42,33,40,27,29,20,28,10,22,50,47,18,14,14,37,24,20,35,4,64,56,16,17,41,37,6,37,75,51,37,34,26,25,22,33,10,17,27,25,30,46,66,20,42,53,59,130,45,68,53,76,72,57,30,58,39,34,36,28,60,78,62,64,29,40,26,54,30,72,19,65,9,14,16,36,,57,53,41,16,25,40,68,52,101,25,25,23,20,25,29,7,14,15,46,48,89,26,53,45,17,17,47,26,26,13,17,67,46,62,85,69,41,59,47,49,40,71,46,95,60,29,61,38,80,31,62,33,30,39,70,42,67,56,34,40,18,63,30,40,15,62,54,60,43,77,17,51,40,85,40,27,34,34,14,34,36,63,50,108,49,47,39,34,23,32,38,41,38,25,21,2,27,29,26,53,24,17,3,17,52,18,53,36,21,21,19,32,14,29,21,35,30,26,26,29,58,81,20,35,59,24,22,88,35,80,48,71,11,65,9,23,13,13,27,7,64,86,86,40,59,70,15,28,27,56,17,44,73,35,60,18,50,21,24,41,39,6,4,14,65,35,47,29,5,4,30,17,36,26,38,89,29,21,8,30,46,39,35,35,13,29,18,16,15,37,36,44,40,48,40,44,7,56,75,66,15,51,12,63,32,12,20,32,57,30,9,29,32,54,67,47,18,26,17,17,43,15,72,11,37,26,51,18,27,8,13,12,34,19,28,49,58,28,47,20,14,31,49,25,18,23,19,7,47,48,52,80,38,14,23,26,44,20,43,25,30,45,19,17,72,34,15,11,27,8,5,4,8,9,6,42,18,11,34,10,12,34,22,22,9,43,19,17,19,25,14,57,9,37,35,29,17,10,31,28,33,39,8,17,24,38,49,83,22,22,29,36,53,52,21,21,24,16,11,11,18,7,19,23,8,3,11,29,27,20,31,10,15,12,17,3,19,27,32,43,25,18,11,2,22,19,21,21,5,15,1,8,10,1,14,9,11,10,12,21,8,3,21,35,38,29,36,29,30,42,48,11,17,13,20,13,16,,21,14,6,9,17,12,15,8,9,11,26,26,26,6,21,28,9,17,46,88,37,27,15,22,31,17,28,23,36,54,38,43,11,9,8,20,44,21,19,27,3,8,2,4,20,28,19,17,14,30,14,22,51,6,65,40,89,14,11,18,7,6,33,25,17,33,18,12,12,10,13,22,15,11,5,19,10,34,14,28,3,7,13,7,7,9,14,13,16,6,11,2,4,3,13,4,7,12,16,22,22,22,9,2,4,9,22,13,14,22,30,18,9,7,3,9,11,2,19,11,1,10,15,13,21,16,37,19,17,21,41,36,54,37,37,6,16,17,26,21,8,8,2,6,8,35,73,9,7,13,15,10,7,19,9,3,13,18,31,12,11,7,9,15,7,,8,2,3,7,5,10,6,17,3,13,15,3,10,14,6,9,20,7,2,26,34,74,14,39,1,54,16,7,28,11,23,10,41,21,7,3,17,17,10,9,12,3,5,18,9,14,15,,62,39,35,20,19,15,58,38,13,18,,44,15,10,18,21,6,21,12,10,7,8,10,12,66,22,33,16,88,21,6,8,20,49,26,29,12,13,17,17,13,13,20,15,42,2,12,8,7,24,11,,30,19,54,22,8,14,2,14,10,19,4,34,4,24,21,7,3,17,8,25,23,18,,57,26,13,29,7,10,4,9,19,16,5,26,48,11,15,30,19,29,34,19,42,7,4,40,21,6,13,7,35,47,9,1,10,19,54,23,26,15,36,42,29,18,15,28,15,11,11,14,5,8,15,9,22,28,11,15,26,30,19,15,9,14,21,7,33,23,12,20,13,24,20,4,25,14,14,8,36,6,20,,3,11,15,17,11,1,13,17,8,28,11,,12,8,15,,,24778
9월22일,,19,88,50,56,36,81,85,50,49,16,42,54,172,65,50,72,44,51,45,29,24,41,22,56,67,69,16,50,34,49,33,48,17,20,34,12,20,35,22,32,42,30,18,85,33,71,65,39,45,38,80,59,52,42,34,45,33,21,25,25,29,11,21,46,55,12,15,14,34,33,24,41,10,57,50,13,23,50,29,7,45,86,44,40,23,29,27,23,57,21,16,17,26,22,45,84,16,53,50,53,154,46,75,77,82,68,30,22,58,44,29,22,33,47,98,55,61,27,57,28,72,40,58,13,58,7,11,16,34,,52,48,24,20,24,34,73,37,75,49,28,19,33,40,27,5,13,20,47,50,81,18,60,39,20,17,43,30,29,12,21,63,63,62,70,57,32,57,47,50,28,38,45,64,66,31,46,35,78,30,50,48,32,34,57,57,51,42,48,52,18,73,46,37,18,60,66,48,40,78,22,44,43,58,42,23,39,27,19,36,41,41,60,122,61,45,35,43,23,25,33,43,31,17,21,3,30,36,19,40,21,17,7,17,63,13,49,21,21,24,23,17,20,24,16,35,44,28,27,30,62,100,11,52,82,21,29,99,28,66,41,73,10,86,6,19,7,8,15,9,80,67,79,56,49,62,14,31,27,85,23,53,67,36,72,22,56,32,25,35,39,6,5,10,68,43,47,28,3,8,32,23,22,36,39,95,25,34,13,35,45,42,38,37,15,24,13,9,3,33,32,34,30,43,22,61,4,63,67,64,18,44,14,66,24,5,21,32,43,30,8,34,15,49,65,49,22,17,20,29,40,12,51,20,32,27,47,9,26,8,19,13,32,18,29,34,60,24,46,21,14,24,60,41,33,22,20,7,44,39,45,77,46,21,16,28,61,22,52,21,18,41,7,16,93,29,21,8,25,10,8,4,9,10,11,30,22,11,45,9,12,26,36,24,6,27,15,26,13,25,26,66,17,51,39,33,18,15,57,34,27,37,8,14,19,31,52,86,15,16,27,40,60,65,25,25,27,9,21,16,11,8,16,24,13,3,11,46,22,25,30,9,12,11,14,,22,31,35,43,26,10,7,2,20,14,24,28,8,17,1,18,14,2,13,10,7,14,8,23,14,1,21,36,38,26,40,36,32,42,54,20,22,14,12,16,13,,23,14,8,10,15,18,14,10,7,11,19,23,19,8,24,32,8,19,65,75,48,26,22,18,32,18,23,21,45,58,28,43,10,12,6,12,55,34,29,23,3,10,6,7,23,22,24,19,8,28,16,34,54,7,61,31,76,12,11,10,12,3,30,34,19,40,11,20,11,11,10,22,23,13,6,24,16,52,15,27,3,10,13,5,9,9,10,18,28,7,7,8,4,2,14,4,8,12,12,19,16,16,10,2,7,10,27,16,20,14,29,11,8,7,2,4,22,3,9,13,2,10,11,11,13,12,30,16,17,19,41,32,41,37,33,10,21,12,19,32,9,11,5,5,5,38,55,7,12,6,16,12,4,13,15,8,9,24,29,12,7,6,1,13,5,,9,6,4,8,4,4,9,16,6,8,22,8,10,9,6,10,13,16,3,21,27,95,7,36,3,51,20,12,22,7,17,5,35,22,5,9,15,18,7,8,9,4,3,20,7,10,11,1,72,44,39,11,25,20,57,33,17,23,,48,18,26,15,19,5,13,7,14,4,4,7,18,63,27,42,14,79,38,6,11,24,67,29,26,13,17,11,19,14,6,13,10,22,10,6,10,3,27,13,,36,20,47,14,13,10,7,7,7,18,6,28,11,24,32,2,13,16,9,24,24,24,,67,29,17,27,4,8,5,3,16,18,4,24,43,8,9,25,32,20,35,22,47,8,10,26,16,9,6,17,32,47,17,3,7,24,37,23,26,17,35,32,34,16,7,39,20,17,9,9,,13,18,12,22,32,23,20,26,17,20,13,9,12,16,15,35,19,14,20,28,34,16,6,22,12,14,11,35,3,19,1,5,6,27,21,11,6,12,9,11,40,15,,18,8,24,,,24852
9월23일,,10,81,57,63,27,65,46,33,41,16,55,40,153,64,41,54,36,42,35,24,19,36,11,43,40,60,22,33,34,40,19,41,23,16,17,8,18,25,21,15,29,29,22,79,19,44,29,31,30,36,86,37,48,20,24,28,25,13,13,14,35,12,10,32,27,14,13,13,26,21,28,27,7,50,39,11,24,39,22,9,36,76,42,32,41,22,25,22,39,24,13,20,28,1,16,31,18,22,29,17,88,28,47,54,30,33,18,17,36,19,7,14,25,41,38,32,36,16,27,16,45,23,52,11,36,8,17,4,23,,24,36,32,18,15,34,56,32,62,35,25,13,19,27,21,9,16,19,40,34,63,7,30,16,10,12,42,24,22,6,13,48,36,32,45,34,22,27,36,26,8,19,14,38,31,26,54,15,38,5,25,23,15,36,24,42,32,25,13,12,8,51,24,12,12,50,32,60,20,57,13,50,26,47,35,21,40,26,11,24,20,22,29,74,24,60,36,22,18,20,26,21,13,18,23,2,18,22,9,37,13,7,5,12,40,7,32,23,17,22,14,18,12,27,27,25,13,23,7,17,10,50,8,26,23,32,13,45,40,28,64,70,18,42,15,12,5,7,12,7,63,70,94,32,41,50,10,19,10,72,24,58,44,21,44,24,39,9,28,30,45,4,2,6,68,11,29,26,4,9,23,19,21,24,31,82,29,23,17,30,36,32,15,31,13,11,9,6,5,29,28,32,31,23,29,18,7,48,38,64,7,35,14,49,23,3,13,28,25,11,6,16,21,54,36,36,9,13,24,25,27,11,29,8,20,14,30,11,23,7,13,6,19,24,14,20,48,25,18,21,12,17,53,29,24,9,21,10,28,28,46,57,27,7,13,9,35,19,43,23,16,26,5,8,63,23,17,7,21,2,6,6,6,5,10,24,11,8,29,8,4,27,18,21,7,38,14,30,8,22,15,56,14,25,28,25,11,9,43,21,20,37,7,13,16,25,59,69,19,7,31,32,60,49,22,25,20,10,10,15,14,8,11,26,8,2,12,35,28,20,31,12,10,9,10,3,15,19,17,31,22,21,11,6,18,29,13,19,9,14,2,12,17,3,11,6,4,,8,15,8,,12,19,27,18,31,30,22,27,54,14,20,12,5,17,11,,16,15,2,6,17,14,17,8,13,5,18,36,12,12,21,36,8,14,42,82,57,18,12,15,46,15,33,12,37,66,34,41,11,4,3,13,35,18,18,22,1,9,5,3,11,20,16,11,14,28,15,19,43,10,56,25,74,11,10,13,6,2,27,27,10,30,12,17,6,8,11,15,22,12,8,22,6,41,10,29,5,8,12,4,6,11,7,16,19,6,9,7,1,1,6,5,3,8,10,12,18,25,16,2,5,7,18,18,7,14,23,11,9,10,3,2,15,1,12,8,2,9,5,8,9,8,22,15,14,16,33,31,29,26,29,11,16,20,23,23,6,7,4,3,6,32,53,8,10,5,15,13,4,21,9,12,7,16,29,4,1,4,3,,4,,10,1,3,3,6,10,9,18,3,10,23,9,15,7,8,8,3,6,,28,20,88,11,22,5,44,8,3,17,11,16,5,26,10,13,6,11,14,9,9,11,3,1,13,8,4,13,,54,32,14,10,17,10,29,27,16,20,,41,8,15,18,14,11,11,7,7,1,9,10,12,40,20,24,12,90,40,4,7,6,42,25,30,6,8,10,23,10,7,20,13,24,8,11,9,7,26,14,2,18,24,41,13,9,10,2,8,5,18,3,13,1,17,27,1,7,10,12,11,18,13,11,66,31,11,23,6,14,6,2,11,19,,28,19,8,9,17,21,5,26,12,33,11,4,28,8,4,6,9,15,32,7,4,,16,37,15,20,18,28,29,19,4,3,32,22,20,4,12,6,10,11,12,19,16,10,17,8,17,19,6,2,12,25,7,18,5,5,3,11,25,11,9,16,7,15,14,30,4,12,,5,5,9,14,11,4,6,10,7,15,4,,16,7,5,,,18677
9월24일,,10,56,46,32,17,61,50,34,56,14,37,26,110,48,49,46,35,26,41,17,19,27,17,48,37,44,20,38,28,53,28,23,23,17,26,15,24,19,19,15,28,29,19,56,24,37,20,29,32,22,75,37,30,18,20,29,16,22,20,13,28,10,11,24,31,15,8,9,23,12,19,20,4,38,37,6,17,28,20,9,33,54,25,27,35,19,16,13,32,17,10,7,14,7,26,33,12,14,22,19,85,29,25,31,34,20,11,16,34,21,5,11,15,38,33,28,21,9,27,15,37,14,30,11,42,6,3,11,15,,32,24,17,9,14,19,31,34,72,32,20,5,12,20,11,8,8,14,29,30,58,14,30,17,16,19,55,23,29,6,16,36,24,34,45,41,27,23,34,27,9,13,10,54,28,6,29,20,25,14,22,32,19,17,28,20,29,23,20,10,2,42,27,15,3,36,26,46,29,52,14,48,17,38,33,16,20,30,7,20,18,36,39,71,26,39,22,31,15,23,12,28,10,24,13,2,14,17,4,14,9,6,5,15,25,11,28,23,8,9,15,20,4,28,13,18,10,7,8,12,14,31,10,25,12,13,12,23,18,35,47,52,18,44,13,16,6,9,15,6,48,72,90,29,33,54,4,20,12,18,13,45,43,29,46,18,33,12,25,22,33,5,5,2,58,16,21,16,9,6,27,19,30,30,18,71,19,16,14,30,29,31,20,26,8,17,15,10,4,17,23,52,24,25,20,10,3,33,31,50,12,31,11,38,35,7,11,28,18,18,8,18,14,67,52,26,10,9,31,6,31,9,31,7,23,12,37,5,19,8,8,10,25,24,22,27,36,26,22,13,5,21,57,29,18,7,25,6,25,39,43,52,27,14,16,5,47,12,45,11,9,28,8,14,56,21,14,6,29,6,4,2,3,9,2,30,6,4,24,7,9,34,17,20,4,33,6,26,16,23,18,40,12,27,11,21,14,2,47,22,12,23,7,11,12,23,41,68,19,5,26,29,31,40,18,10,17,10,13,8,10,4,9,22,13,6,12,28,20,20,34,13,8,10,5,3,8,23,24,33,24,14,14,4,21,27,14,24,5,15,1,10,15,2,8,5,8,4,16,22,12,,14,22,25,19,34,21,22,27,45,16,18,10,11,8,8,,19,14,7,5,16,8,15,9,10,4,17,18,9,9,4,14,7,14,27,76,42,20,8,24,39,10,29,15,26,46,34,34,7,18,1,13,32,20,23,30,1,5,3,1,3,16,25,4,10,41,9,17,31,7,50,36,86,14,8,2,1,2,17,20,19,34,13,15,3,7,6,16,14,19,5,18,10,39,18,26,7,14,17,8,8,3,10,25,22,4,7,3,2,2,10,4,5,8,12,9,17,20,9,2,7,6,14,10,3,12,25,8,6,11,3,4,9,3,6,7,3,11,5,11,20,7,39,19,10,16,36,20,33,39,19,12,12,18,32,29,7,9,3,6,2,32,50,6,12,5,12,6,15,13,9,13,16,13,36,8,4,1,7,4,1,,7,1,2,5,5,2,5,11,6,8,6,4,5,2,1,3,8,9,1,15,22,82,9,24,2,37,9,7,20,7,8,5,36,18,7,7,11,7,3,9,8,6,8,12,15,16,13,,31,28,18,5,13,8,36,36,12,11,,32,4,12,16,16,3,9,1,6,3,7,2,10,48,19,26,11,83,22,10,12,12,29,21,16,5,12,11,19,8,8,18,12,38,3,9,12,5,22,16,,23,21,31,10,7,7,1,8,7,10,1,20,1,12,23,1,6,17,4,10,16,7,9,65,30,7,13,1,7,5,4,10,19,13,18,23,2,6,19,21,13,6,3,29,15,2,22,6,2,3,3,5,25,5,1,4,7,35,7,25,11,28,24,21,3,3,21,25,10,7,3,1,5,11,16,15,8,7,6,8,18,26,10,1,8,22,11,11,4,,9,9,13,11,,15,12,12,13,20,6,24,1,4,3,9,6,8,3,4,2,1,17,3,15,18,3,5,,,16558
9월25일,,30,80,42,58,26,87,65,48,54,17,54,59,130,62,58,58,41,52,40,32,22,47,12,51,68,89,26,43,45,35,28,37,34,26,29,11,27,33,24,29,32,26,54,96,35,62,53,42,41,35,96,60,44,32,44,32,25,30,28,15,30,18,15,34,46,13,18,12,21,31,26,38,6,52,43,12,17,46,36,5,36,57,43,34,25,23,26,19,41,21,22,26,19,35,50,73,19,50,41,71,175,45,74,98,77,75,58,25,61,36,35,45,39,65,84,57,59,31,54,24,57,36,73,22,53,9,11,18,26,,57,56,40,16,28,45,65,52,109,38,17,25,15,29,26,7,12,18,40,56,104,18,53,39,33,15,46,39,31,21,23,61,63,60,61,62,27,64,47,45,33,52,31,82,66,24,43,28,65,31,43,32,11,34,73,50,65,37,38,44,22,59,41,42,20,49,58,77,28,70,22,49,45,65,40,29,35,37,16,27,38,51,63,104,49,71,48,39,23,29,34,50,38,22,13,6,33,24,16,45,27,28,9,14,51,19,57,27,18,24,24,38,18,35,23,32,24,23,21,40,35,63,22,36,46,28,37,82,54,65,55,68,12,86,7,19,9,7,19,7,56,81,87,44,49,67,11,35,31,77,10,43,62,52,55,20,59,19,30,40,47,5,6,6,68,35,40,32,4,9,26,27,38,26,40,109,25,23,12,36,41,31,36,39,13,23,6,17,5,44,36,60,34,51,31,65,8,46,71,84,14,60,17,58,26,6,13,39,58,34,6,33,27,47,50,36,14,30,39,22,49,14,61,9,26,30,35,10,27,2,16,10,54,12,28,43,93,26,34,16,16,22,86,33,28,23,15,11,58,54,47,83,44,16,27,31,51,17,50,19,26,36,10,18,86,29,13,12,21,6,9,4,11,7,7,32,19,3,32,7,7,22,34,21,9,45,12,33,11,19,14,67,15,35,36,24,22,19,37,31,29,34,4,24,24,30,46,72,17,14,29,35,56,54,20,22,33,14,18,12,15,5,13,33,8,5,9,27,21,29,26,11,13,20,16,1,8,25,18,34,24,17,7,8,23,18,26,30,8,23,2,16,14,2,14,6,7,9,8,15,12,2,22,32,33,19,29,39,21,30,64,15,19,14,4,10,8,,27,11,10,10,27,15,16,8,10,7,18,28,29,9,27,36,11,14,51,97,35,32,14,19,40,21,24,27,42,59,29,37,10,13,4,13,48,29,29,21,3,11,5,2,32,23,20,14,8,37,20,20,44,9,67,39,20,11,8,15,16,3,28,25,12,40,13,16,15,12,15,24,15,15,9,23,15,42,9,32,2,9,14,10,15,9,13,26,15,5,10,4,4,3,14,7,9,6,15,26,25,21,7,,10,15,27,19,14,21,38,15,7,8,3,2,12,4,10,5,4,19,13,13,14,14,38,24,14,25,41,38,43,34,42,7,27,23,23,24,5,8,6,7,5,43,46,5,7,9,19,15,12,27,10,3,18,29,29,30,11,12,6,18,11,,7,7,7,3,2,6,6,14,5,7,19,9,5,13,5,10,16,14,2,25,29,84,11,37,4,48,18,7,27,12,20,12,37,20,13,4,18,12,5,9,18,5,7,16,10,10,12,,60,38,28,16,22,22,54,27,18,17,,62,9,34,14,15,11,23,8,6,6,10,7,11,72,23,35,13,94,33,12,14,14,41,25,19,14,11,12,24,16,10,21,11,42,2,7,15,10,27,19,,26,25,51,18,5,14,,9,7,18,6,36,2,9,20,,9,17,13,26,30,11,10,62,28,16,25,5,9,7,5,21,15,4,34,44,7,18,28,29,18,32,18,38,7,13,27,19,6,13,14,27,62,11,3,6,19,40,18,26,22,32,34,27,10,16,44,18,17,12,5,10,9,21,10,20,17,17,18,15,23,13,18,6,16,21,13,42,18,11,20,19,40,15,8,23,15,17,15,34,6,15,2,8,4,15,24,9,2,14,8,11,37,9,8,15,8,17,,,24751
9월26일,,27,85,46,58,26,86,71,37,44,16,46,63,157,55,46,83,30,47,40,31,23,50,16,54,63,67,23,48,64,36,30,37,23,31,25,17,20,24,31,26,26,21,38,76,29,52,48,36,38,42,73,50,60,30,41,44,26,25,29,15,17,22,18,36,43,15,17,14,26,37,14,55,6,52,47,10,19,50,26,7,27,81,41,44,21,26,21,19,43,31,19,19,12,27,43,73,40,34,31,49,124,54,70,71,86,66,44,27,42,50,32,25,42,47,90,51,56,37,58,19,53,39,74,17,55,6,14,12,24,,56,42,41,10,22,36,58,49,97,24,20,21,16,28,26,11,13,13,51,44,88,24,55,38,25,25,44,28,28,24,28,41,52,64,65,67,41,57,47,35,34,44,28,84,59,23,53,37,68,19,43,42,20,36,58,49,45,54,46,39,26,71,34,24,20,61,69,74,44,60,22,57,37,68,34,40,38,51,12,28,36,58,59,119,62,55,40,46,23,26,30,49,45,17,16,4,21,38,17,52,24,17,5,12,32,8,70,34,17,17,19,28,25,32,17,27,27,24,19,34,43,99,10,33,70,20,28,98,27,71,41,67,18,79,7,22,9,6,16,12,69,59,84,39,54,50,19,32,17,76,20,39,55,36,59,22,43,20,27,39,38,6,5,6,70,38,50,27,2,16,37,20,32,37,31,95,21,20,17,26,33,45,34,47,13,21,20,22,5,31,37,49,36,38,21,62,4,47,78,61,15,54,11,51,44,3,22,21,49,26,7,28,27,52,61,51,14,30,23,16,59,12,70,14,24,25,50,12,27,9,7,7,37,19,14,38,80,28,35,21,13,25,70,42,30,17,19,7,49,43,57,70,43,16,21,36,50,17,42,18,31,41,9,16,79,27,17,13,19,5,10,2,4,9,6,36,23,12,42,9,11,29,27,19,4,44,6,29,10,20,15,52,16,40,35,22,19,9,30,32,28,30,5,21,23,35,37,63,23,12,33,27,40,48,28,26,28,12,10,15,14,5,15,31,8,8,11,31,19,25,22,14,7,13,20,1,12,26,34,27,21,13,7,4,27,16,21,23,8,15,1,8,7,2,10,8,6,11,8,21,10,5,23,19,30,23,25,35,20,30,51,17,13,13,6,23,8,8,14,13,3,7,14,10,11,3,15,10,19,32,19,7,30,36,7,18,53,74,42,27,23,15,21,18,23,25,35,48,30,28,8,10,5,8,56,16,17,21,6,5,5,2,26,24,32,14,10,21,16,32,46,6,44,40,35,13,7,17,11,4,25,32,24,43,20,26,9,7,12,27,19,14,3,16,15,49,17,25,6,10,12,12,6,9,7,17,17,7,9,4,4,4,15,5,7,18,6,14,20,19,9,3,10,21,18,20,15,19,37,16,6,7,2,5,17,,11,16,4,13,10,12,27,11,30,16,19,15,26,44,40,39,39,11,16,25,26,18,9,6,3,5,4,31,47,11,9,11,22,14,6,19,10,6,6,20,32,21,10,8,8,18,8,,12,2,3,2,,1,7,14,4,10,18,4,8,11,3,11,17,16,4,22,31,89,13,34,3,56,10,7,23,15,11,8,39,27,13,4,15,15,6,8,16,5,6,19,11,17,15,,53,25,26,19,21,11,56,26,20,21,2,55,14,19,17,13,8,16,4,5,4,1,14,10,77,19,26,10,76,27,8,13,14,48,29,21,15,12,18,33,13,9,19,17,27,4,17,11,10,31,13,5,36,29,58,18,9,12,1,4,5,22,2,33,6,18,28,3,8,22,6,21,23,15,14,69,34,9,21,4,13,9,3,13,18,3,28,46,6,13,13,22,16,35,23,32,10,10,24,22,8,9,15,29,56,13,3,9,13,30,23,18,19,18,33,21,15,8,37,15,17,13,15,8,7,26,14,18,19,27,19,15,20,18,20,8,14,24,12,29,12,7,21,17,33,27,6,21,7,17,10,34,8,15,2,1,16,17,24,11,2,13,23,5,33,8,8,14,8,15,,,23738
9월27일,,18,76,50,42,32,74,68,37,40,18,45,45,164,79,50,59,37,31,36,25,33,40,19,38,57,76,21,53,42,29,31,38,22,26,39,14,22,32,11,26,43,26,38,65,32,47,42,27,47,28,76,46,53,38,40,38,24,26,21,11,41,18,17,26,32,11,10,9,27,21,22,34,6,57,41,8,23,42,22,5,35,87,36,33,18,19,21,17,44,29,18,26,17,39,32,47,40,29,27,39,129,37,66,71,57,51,38,19,61,40,21,21,25,53,77,34,53,40,43,13,50,37,68,19,45,5,12,12,15,,53,46,31,14,18,36,45,45,77,23,27,22,22,17,21,4,15,18,44,44,88,20,35,41,27,11,46,26,39,19,17,44,47,48,70,64,37,52,41,41,32,35,24,67,43,19,61,33,73,13,59,45,22,28,37,50,37,46,38,39,20,88,34,35,16,48,50,50,36,67,18,42,48,63,43,31,29,40,11,38,44,42,47,97,41,51,40,36,20,32,32,36,34,18,20,2,29,18,13,40,23,12,10,13,50,19,46,24,27,22,24,24,18,23,16,24,26,27,15,25,45,70,15,25,34,22,28,76,36,69,58,57,7,62,7,21,9,7,22,8,56,62,68,52,50,57,15,30,21,61,13,37,61,13,45,17,41,25,18,28,32,8,6,4,66,31,48,30,3,5,28,22,36,31,23,90,15,17,16,34,33,34,36,32,13,20,20,9,4,28,33,40,35,42,29,63,3,39,68,52,10,67,15,51,24,3,14,30,47,25,5,31,26,41,62,41,11,27,23,22,52,9,63,14,24,15,51,5,18,6,11,7,40,11,25,32,60,29,33,22,11,21,75,31,27,18,14,7,48,39,45,75,36,20,23,25,52,20,49,20,19,28,4,9,81,31,15,12,22,6,9,3,6,5,10,28,18,10,36,10,11,19,32,24,15,27,10,22,14,16,11,71,13,37,26,36,17,11,25,34,25,29,4,7,13,25,52,60,20,17,27,31,41,35,17,21,18,6,7,18,16,5,10,22,13,5,9,36,29,25,26,14,6,13,10,3,15,24,30,35,24,9,7,2,21,27,21,29,5,9,,11,7,1,10,7,9,9,3,25,9,2,10,24,30,21,27,24,25,24,40,19,13,18,6,11,8,15,21,20,8,6,16,14,15,5,14,6,15,26,17,3,31,34,5,13,47,79,42,18,17,19,19,10,24,27,33,50,29,28,10,6,9,13,45,19,28,24,2,5,2,1,22,15,22,10,6,27,17,14,38,7,39,41,96,9,4,13,8,6,15,24,9,28,12,9,11,7,12,31,15,18,4,15,6,37,18,39,5,7,13,5,3,18,10,19,20,9,11,6,6,4,10,5,7,17,8,18,17,16,5,,11,11,21,15,13,14,33,10,6,5,3,3,11,2,15,11,2,13,8,13,15,12,35,21,16,20,38,39,48,39,39,10,21,12,27,28,5,10,5,5,8,44,52,6,8,5,21,12,3,24,12,10,13,27,25,12,12,8,8,20,7,,11,2,3,5,2,7,7,13,3,5,17,9,5,10,6,11,12,10,,29,26,91,14,28,4,33,21,9,21,10,24,10,30,15,6,6,16,14,13,4,11,1,3,18,9,8,8,,39,34,38,22,19,21,49,28,14,11,19,43,11,16,11,6,6,17,5,4,5,8,7,11,55,12,25,12,58,16,11,8,14,42,23,19,21,18,14,24,8,7,14,15,37,4,17,15,11,25,27,7,30,25,42,19,4,12,13,2,4,13,3,34,2,18,24,4,15,12,9,19,21,15,4,44,20,8,18,8,13,6,7,26,15,4,30,46,7,16,36,17,18,42,15,32,9,10,23,8,9,10,11,43,52,12,2,6,16,24,11,16,14,31,38,27,18,10,41,18,18,16,13,11,14,23,8,11,24,12,12,15,24,13,19,10,17,19,7,32,7,23,13,13,31,16,7,31,6,11,11,27,6,11,1,8,3,18,19,11,3,6,4,8,17,13,9,10,7,11,,,21954
9월28일,,24,69,60,73,35,85,66,54,42,20,43,65,198,64,55,73,38,38,32,22,27,39,15,46,70,81,18,47,38,43,24,31,24,18,28,12,19,38,19,27,37,28,43,67,32,51,43,34,37,30,81,57,54,27,39,32,37,23,34,14,32,21,24,35,37,13,25,13,36,26,32,38,11,61,45,10,18,46,30,5,29,80,47,38,24,31,27,19,38,22,18,27,22,35,46,50,59,43,35,63,139,41,64,78,81,64,40,34,54,53,25,39,45,56,91,54,60,32,49,19,41,35,73,24,50,8,12,21,23,,50,51,34,15,22,39,63,45,98,41,17,24,18,23,23,2,11,23,40,48,99,15,38,43,29,24,48,37,15,19,28,50,55,64,75,57,43,49,30,52,29,48,24,85,58,23,48,32,83,24,52,45,31,44,58,64,34,41,45,35,21,76,54,41,22,63,48,59,40,76,24,47,39,67,35,29,30,45,16,20,44,46,49,100,52,54,33,35,33,11,33,39,31,23,17,4,24,38,16,41,11,23,3,23,42,15,51,33,16,19,31,24,22,31,28,33,29,32,12,37,51,110,10,43,56,20,28,98,43,72,48,65,8,83,3,33,8,11,30,12,83,78,77,34,52,69,16,25,28,69,7,43,66,,61,20,47,20,30,24,41,7,4,9,62,44,52,31,11,12,32,26,37,36,37,94,26,23,3,28,39,45,39,35,12,25,20,15,8,29,40,47,26,38,25,85,8,48,69,63,15,62,12,72,45,7,16,28,58,31,10,26,23,53,60,44,12,27,24,28,48,13,62,15,27,22,44,10,28,11,13,12,37,24,35,32,68,31,33,25,19,22,78,34,30,23,13,1,50,39,47,71,46,14,23,40,36,18,41,18,22,40,9,14,85,34,23,15,30,8,9,8,10,8,7,41,12,14,44,18,12,32,21,30,3,32,8,22,11,22,20,61,11,45,34,29,20,15,33,25,22,41,13,17,19,26,53,88,21,10,35,36,55,44,28,26,18,15,10,17,15,5,10,29,10,3,16,45,24,25,35,14,13,16,14,,18,28,32,33,30,11,8,3,28,25,23,19,8,17,2,13,8,2,17,3,11,17,12,19,10,1,17,26,23,30,27,23,22,30,52,18,20,17,7,14,4,15,27,17,10,5,20,10,13,5,16,4,18,28,17,5,23,44,14,19,76,86,37,29,15,20,22,11,25,27,40,38,28,30,7,9,6,13,37,21,12,26,2,8,2,1,29,17,13,9,19,28,16,25,48,12,69,31,100,8,14,13,8,7,17,28,18,26,18,16,7,10,7,26,23,12,8,16,13,46,13,29,4,13,15,5,6,10,7,22,22,9,11,4,5,3,17,4,9,16,12,23,22,21,8,,9,11,17,12,10,14,33,14,15,7,3,4,8,3,13,14,4,13,8,11,15,14,41,20,15,17,37,43,37,39,31,10,17,22,33,29,6,9,9,9,5,36,65,7,9,12,22,14,5,16,16,10,7,21,19,19,5,8,10,18,9,3,4,6,3,4,1,4,4,11,5,8,14,5,8,8,7,11,16,15,,22,29,86,8,33,5,52,13,5,22,15,16,4,42,8,8,6,15,22,10,7,13,4,5,21,9,12,13,,57,28,36,26,24,21,60,27,21,19,17,40,13,28,18,10,5,23,7,8,7,2,7,12,59,18,24,12,91,25,8,9,17,51,22,22,15,10,15,19,8,10,18,19,22,6,16,11,4,21,19,10,44,24,43,16,8,14,13,6,14,19,2,32,3,15,24,6,8,13,9,11,17,11,10,66,26,17,29,3,17,2,8,14,19,3,21,32,12,13,24,28,15,39,18,35,19,8,29,18,10,15,14,38,49,15,1,5,11,24,18,22,19,42,35,19,9,9,48,12,24,10,10,11,14,22,10,25,24,16,12,16,22,25,18,7,12,26,8,32,16,9,19,15,33,8,8,27,11,17,19,41,5,15,,3,5,11,13,7,8,17,11,12,28,10,5,19,8,15,,,24141
9월29일,,24,78,52,67,34,60,99,49,47,21,50,53,205,76,47,66,47,37,33,34,28,55,23,58,53,75,24,42,39,55,22,44,26,30,26,16,21,32,28,30,25,28,28,73,29,56,52,38,55,35,67,51,51,41,42,42,27,20,23,18,38,24,20,38,41,22,23,13,33,23,32,52,11,50,43,12,18,45,29,3,26,70,46,39,28,30,20,18,49,21,20,28,14,28,45,59,49,38,34,55,150,48,51,83,68,56,45,35,58,54,31,24,42,59,84,60,68,39,49,16,46,39,71,21,69,8,7,14,19,,54,52,36,17,17,33,56,42,96,44,18,20,19,31,26,7,9,16,39,54,97,15,45,37,33,23,61,46,23,23,29,43,58,47,82,56,40,59,46,50,26,39,40,88,69,22,49,37,92,18,55,53,23,35,60,43,24,45,46,38,15,84,36,34,20,45,65,54,44,69,22,60,59,80,42,24,32,42,10,29,27,56,57,110,47,60,33,38,28,34,37,46,39,23,16,2,34,28,13,38,21,18,6,17,42,22,49,28,17,25,25,21,17,27,19,30,29,36,17,31,50,88,17,44,55,30,30,79,25,54,55,66,11,73,13,22,10,6,32,10,55,79,84,47,49,70,15,21,23,75,16,49,71,,63,14,53,22,21,31,41,8,4,11,69,34,59,23,5,8,25,22,48,30,18,107,19,20,14,34,44,31,52,39,11,30,16,10,8,34,45,59,23,33,30,54,2,56,81,66,15,60,23,55,36,6,14,31,41,26,6,34,30,53,49,36,13,41,22,21,65,10,64,19,26,26,56,13,24,8,16,11,31,21,23,38,69,30,39,23,14,22,82,42,32,12,17,6,57,43,47,67,39,16,31,20,44,20,38,16,22,28,8,13,92,35,14,12,19,6,7,6,5,6,11,33,10,11,36,9,5,17,33,20,7,32,6,33,9,30,17,70,17,42,35,21,14,11,47,30,31,30,12,20,21,44,42,74,31,13,42,35,57,45,30,19,25,11,7,16,9,3,18,30,15,4,8,34,22,30,33,10,14,8,17,,17,19,31,30,31,15,9,3,25,26,19,33,2,13,2,10,12,2,6,1,8,16,6,19,8,,18,28,35,19,29,28,21,20,40,17,15,9,12,16,6,27,28,23,5,11,17,16,15,9,13,4,15,29,23,6,21,42,13,23,54,90,49,29,18,16,23,9,20,25,43,65,47,42,10,7,9,13,48,29,18,33,5,9,3,2,15,19,24,13,9,29,17,17,35,8,59,41,109,12,14,8,8,6,22,32,14,39,18,13,8,10,7,25,12,17,4,16,14,35,16,36,,7,12,7,10,5,18,13,20,11,13,5,6,5,12,3,3,13,15,22,17,20,7,1,11,10,25,16,12,13,29,14,13,3,3,2,14,3,10,11,5,10,8,7,16,11,22,21,19,16,31,40,40,38,35,11,25,18,40,21,10,7,3,5,4,38,70,6,9,9,15,11,10,17,17,6,6,22,25,11,12,4,6,16,6,1,12,2,4,5,5,6,5,7,6,7,17,3,11,8,6,10,18,15,3,26,21,92,8,28,5,40,10,7,20,11,20,7,45,19,7,5,16,17,10,10,8,3,3,20,5,11,8,,68,47,24,14,21,17,66,26,16,9,13,38,8,11,15,13,9,17,4,12,4,7,7,16,86,19,26,7,94,29,7,9,13,59,33,25,12,13,20,18,9,8,16,19,31,4,13,16,1,29,24,4,35,33,38,11,2,7,11,8,9,20,,29,6,15,33,3,9,19,13,27,27,11,10,75,34,13,25,6,20,9,6,22,25,4,19,45,6,16,25,27,18,43,31,33,7,14,28,21,12,13,12,49,55,11,5,4,14,24,23,32,17,38,35,28,8,9,44,17,20,4,17,3,10,22,15,31,25,25,24,13,26,14,24,6,14,13,8,30,17,16,9,21,34,11,11,25,7,13,18,27,2,17,3,8,4,27,18,8,2,8,5,10,28,10,7,18,10,11,,,24249
9월30일,,14,66,41,59,32,78,66,41,47,10,60,44,156,68,49,56,36,42,37,16,25,39,21,40,52,53,20,43,41,40,22,36,18,26,23,15,15,35,24,23,26,20,20,69,22,38,43,37,37,34,90,58,57,34,20,29,29,17,25,13,36,17,8,33,31,21,17,12,24,21,23,15,7,42,37,10,16,35,10,6,42,80,43,47,63,22,19,26,33,22,18,17,9,8,5,6,19,10,53,19,28,40,21,26,30,30,15,6,2,25,21,9,30,5,6,46,40,24,29,20,30,15,57,10,31,5,10,10,18,,34,28,22,16,24,36,47,26,67,3,3,15,21,20,15,11,14,14,39,38,55,10,21,9,13,15,46,22,21,12,13,37,28,45,55,25,21,25,28,22,11,21,20,49,30,18,39,15,45,8,22,29,17,30,28,36,33,46,21,11,8,51,28,13,4,36,48,52,35,50,13,44,17,59,37,16,25,27,12,20,25,16,34,80,40,52,23,23,16,26,25,20,13,19,20,3,25,22,5,24,22,10,8,12,46,15,48,18,15,25,18,26,16,23,19,22,14,25,11,17,10,35,16,17,22,13,14,34,28,29,57,65,10,41,6,15,7,6,28,12,33,84,75,31,33,60,15,23,21,59,16,35,46,20,52,18,37,10,14,20,25,7,4,5,59,15,31,17,11,9,32,15,29,20,25,75,18,27,8,25,29,29,13,28,7,9,11,15,3,23,36,49,20,37,22,17,3,59,36,54,16,42,13,33,35,2,10,23,19,27,7,9,15,53,35,30,10,13,23,21,42,4,24,3,21,27,36,5,14,4,14,9,25,19,17,24,25,16,20,21,10,14,43,34,28,13,12,8,23,36,50,51,25,9,16,8,44,19,42,19,16,24,4,16,50,24,17,6,15,2,9,8,2,7,7,32,17,8,59,14,7,11,20,17,4,31,12,19,13,30,30,78,22,27,37,18,29,9,61,17,26,26,9,15,14,26,65,66,15,12,25,29,58,55,30,19,18,14,7,15,13,6,12,16,16,4,11,39,23,18,36,11,9,17,13,,18,11,27,31,26,14,13,4,19,14,21,17,7,13,1,3,13,7,10,7,6,8,13,9,7,3,22,25,34,11,26,20,27,31,54,16,22,13,4,18,7,21,8,10,8,5,10,14,11,9,15,4,12,23,13,11,18,23,12,23,42,69,42,26,17,14,23,16,20,18,22,42,39,24,6,11,6,12,33,12,16,14,1,11,2,2,7,16,19,8,10,23,15,19,33,6,35,31,75,9,12,5,6,6,20,32,12,18,12,9,4,8,10,17,18,10,5,17,6,55,12,46,4,12,7,5,6,14,6,21,19,9,13,5,1,1,3,5,6,11,10,16,22,18,10,,4,11,21,18,5,17,23,14,13,3,,5,9,2,15,14,8,11,9,12,15,11,37,13,20,14,26,22,29,20,29,11,15,18,25,25,4,7,4,8,4,34,56,6,4,7,10,9,3,19,7,8,8,20,26,10,3,2,3,9,1,8,8,4,6,5,4,3,4,13,3,4,19,4,7,17,3,6,5,6,3,17,29,92,8,25,4,47,8,5,20,8,13,6,15,10,5,2,7,7,5,3,10,4,2,10,12,10,8,,61,27,17,14,14,11,55,31,16,15,11,42,6,14,7,14,12,13,5,6,5,13,9,7,78,19,33,10,57,23,15,9,15,51,24,22,7,14,17,22,9,12,18,16,12,6,11,6,9,27,21,11,17,33,50,10,6,9,15,8,6,10,1,19,5,15,17,4,8,19,10,21,30,14,10,69,26,17,11,8,14,4,1,16,26,3,24,16,5,7,11,18,15,25,11,15,8,5,15,7,8,5,6,12,23,7,1,,9,46,8,12,18,30,29,19,2,7,23,15,15,4,14,1,6,10,7,24,13,11,2,5,12,21,8,4,19,25,6,14,5,2,8,8,15,12,4,19,3,11,9,20,8,14,,5,,2,10,4,1,8,3,4,14,1,5,21,1,15,,,18178
총합계,1,550,2289,1501,1585,892,2169,2027,1139,1307,438,1372,1403,4640,1894,1407,1666,1026,1174,1091,718,681,1194,399,1478,1565,2008,588,1276,1083,1160,792,1049,750,617,765,401,531,813,583,691,900,845,952,2183,897,1521,1302,988,1191,977,2432,1533,1398,965,1017,1094,701,717,715,464,866,434,492,933,1099,450,425,372,835,775,684,999,116,1554,1252,296,525,1143,691,198,947,2010,1165,1025,897,628,594,586,1204,589,490,616,519,639,1093,1556,940,864,1024,1233,3677,1151,1501,1847,1603,1536,1031,735,1403,1049,735,727,915,1351,2003,1352,1400,798,1172,597,1430,833,1731,478,1467,196,334,382,683,359,1383,1190,832,469,599,880,1588,1278,2490,937,565,508,590,717,671,188,381,433,1155,1227,2315,500,1173,918,628,493,1282,817,747,430,547,1410,1339,1572,1841,1480,934,1202,1106,1075,711,1112,878,1999,1371,571,1332,838,1698,565,1188,1034,648,871,1342,1246,1237,1243,1013,843,479,1665,999,774,446,1212,1376,1621,1089,1816,565,1382,988,1675,1073,760,912,1110,367,774,951,1139,1318,2558,1288,1459,922,972,628,693,765,962,782,562,582,109,670,739,412,1099,512,441,171,390,1279,402,1341,756,446,635,536,669,380,809,564,783,631,642,426,667,1100,1963,380,920,1322,608,695,1909,819,1576,1391,1816,435,1861,241,474,207,221,327,132,1650,2159,2515,1205,1257,1631,395,707,710,1737,541,1165,1588,938,1584,593,1241,562,715,892,1147,171,118,213,1728,786,1223,729,197,233,709,531,1009,789,884,2547,647,620,316,872,1142,953,878,910,361,555,505,349,196,832,1000,1235,822,968,766,1331,122,1545,1478,1728,364,1347,395,1538,931,153,462,821,1080,764,200,671,628,1603,1541,1068,421,622,787,500,520,119,1004,290,740,526,1172,290,634,197,455,354,933,453,661,960,1556,757,1525,607,372,635,759,978,762,478,505,159,1217,1164,1238,1852,1046,427,491,648,1210,472,1232,602,582,917,258,372,2080,772,439,295,651,168,225,158,197,205,187,917,446,256,884,302,225,731,668,589,195,934,341,772,344,643,491,1721,429,1096,928,762,514,329,1209,801,684,923,223,432,540,906,1392,2214,609,375,907,880,1477,1444,662,676,659,314,310,394,379,165,409,792,319,143,354,993,620,674,922,351,319,354,382,41,491,624,735,894,731,355,270,121,571,507,547,719,218,358,48,291,287,84,304,167,180,250,363,517,274,63,473,726,872,541,847,814,774,884,1359,418,449,362,270,439,205,369,583,421,187,240,436,304,340,186,303,173,376,846,264,213,624,945,233,446,1396,2107,961,599,384,509,778,405,535,612,892,1219,915,870,231,241,152,393,1174,628,567,646,92,226,124,80,453,567,530,367,267,658,398,544,1188,212,1517,959,2065,362,246,310,256,131,583,814,398,802,403,421,230,235,312,548,449,427,167,543,327,1156,415,939,86,295,399,164,203,301,330,502,493,142,292,113,96,75,297,170,175,387,267,481,501,564,290,53,153,299,590,403,343,398,750,321,283,123,86,130,329,61,335,315,68,284,261,294,367,313,854,441,503,420,991,762,1120,943,873,250,363,448,764,608,148,215,119,160,150,927,1439,187,181,210,451,284,174,569,283,199,281,496,735,174,116,209,127,336,168,12,244,116,133,138,81,160,135,358,130,231,430,152,246,273,105,257,382,361,55,704,720,2347,300,866,72,1264,346,181,595,299,437,158,852,438,267,158,389,417,212,209,285,115,108,526,296,296,320,1,1470,830,848,419,547,386,1480,770,429,438,359,1139,297,482,486,364,166,415,157,193,102,105,108,354,1670,460,826,287,2239,770,222,273,398,1352,721,309,277,185,327,576,282,226,664,409,903,164,193,300,221,888,220,236,702,620,1198,421,163,327,65,249,200,458,79,810,105,494,686,92,180,411,267,597,542,327,266,1716,784,389,586,136,266,156,178,475,442,160,671,982,231,346,642,589,421,926,486,970,246,219,649,370,196,276,283,784,1164,276,58,162,381,916,459,537,458,970,966,664,294,305,966,521,492,294,283,180,105,444,271,587,541,444,385,406,568,449,391,203,328,585,221,776,371,286,461,455,756,446,186,621,266,422,342,866,129,398,26,163,176,421,459,204,63,155,261,232,741,211,57,434,141,374,2,1,611851
